2026-02-20 23:21:26,366 [INFO] [sqlalchemy.engine.Engine] select pg_catalog.version()
2026-02-20 23:21:26,366 [INFO] [sqlalchemy.engine.Engine] [raw sql] ()
2026-02-20 23:21:26,372 [INFO] [sqlalchemy.engine.Engine] select current_schema()
2026-02-20 23:21:26,372 [INFO] [sqlalchemy.engine.Engine] [raw sql] ()
2026-02-20 23:21:26,374 [INFO] [sqlalchemy.engine.Engine] show standard_conforming_strings
2026-02-20 23:21:26,374 [INFO] [sqlalchemy.engine.Engine] [raw sql] ()
2026-02-20 23:21:26,376 [INFO] [sqlalchemy.engine.Engine] BEGIN (implicit)
2026-02-20 23:21:26,378 [INFO] [sqlalchemy.engine.Engine] SELECT pg_catalog.pg_class.relname 
FROM pg_catalog.pg_class JOIN pg_catalog.pg_namespace ON pg_catalog.pg_namespace.oid = pg_catalog.pg_class.relnamespace 
WHERE pg_catalog.pg_class.relname = $1::VARCHAR AND pg_catalog.pg_class.relkind = ANY (ARRAY[$2::VARCHAR, $3::VARCHAR, $4::VARCHAR, $5::VARCHAR, $6::VARCHAR]) AND pg_catalog.pg_table_is_visible(pg_catalog.pg_class.oid) AND pg_catalog.pg_namespace.nspname != $7::VARCHAR
2026-02-20 23:21:26,378 [INFO] [sqlalchemy.engine.Engine] [generated in 0.00049s] ('timeseries', 'r', 'p', 'f', 'v', 'm', 'pg_catalog')
2026-02-20 23:21:26,384 [INFO] [sqlalchemy.engine.Engine] SELECT pg_catalog.pg_class.relname 
FROM pg_catalog.pg_class JOIN pg_catalog.pg_namespace ON pg_catalog.pg_namespace.oid = pg_catalog.pg_class.relnamespace 
WHERE pg_catalog.pg_class.relname = $1::VARCHAR AND pg_catalog.pg_class.relkind = ANY (ARRAY[$2::VARCHAR, $3::VARCHAR, $4::VARCHAR, $5::VARCHAR, $6::VARCHAR]) AND pg_catalog.pg_table_is_visible(pg_catalog.pg_class.oid) AND pg_catalog.pg_namespace.nspname != $7::VARCHAR
2026-02-20 23:21:26,384 [INFO] [sqlalchemy.engine.Engine] [cached since 0.006563s ago] ('timeseries_data', 'r', 'p', 'f', 'v', 'm', 'pg_catalog')
2026-02-20 23:21:26,386 [INFO] [sqlalchemy.engine.Engine] SELECT pg_catalog.pg_class.relname 
FROM pg_catalog.pg_class JOIN pg_catalog.pg_namespace ON pg_catalog.pg_namespace.oid = pg_catalog.pg_class.relnamespace 
WHERE pg_catalog.pg_class.relkind = $1::CHAR AND pg_catalog.pg_class.relname = $2::VARCHAR AND pg_catalog.pg_table_is_visible(pg_catalog.pg_class.oid) AND pg_catalog.pg_namespace.nspname != $3::VARCHAR
2026-02-20 23:21:26,388 [INFO] [sqlalchemy.engine.Engine] [generated in 0.00209s] ('S', 'timeseries_id_seq', 'pg_catalog')
2026-02-20 23:21:26,392 [INFO] [sqlalchemy.engine.Engine] SELECT pg_catalog.pg_class.relname 
FROM pg_catalog.pg_class JOIN pg_catalog.pg_namespace ON pg_catalog.pg_namespace.oid = pg_catalog.pg_class.relnamespace 
WHERE pg_catalog.pg_class.relkind = $1::CHAR AND pg_catalog.pg_class.relname = $2::VARCHAR AND pg_catalog.pg_table_is_visible(pg_catalog.pg_class.oid) AND pg_catalog.pg_namespace.nspname != $3::VARCHAR
2026-02-20 23:21:26,392 [INFO] [sqlalchemy.engine.Engine] [cached since 0.006476s ago] ('S', 'timeseries_data_id_seq', 'pg_catalog')
2026-02-20 23:21:26,394 [INFO] [sqlalchemy.engine.Engine] 
DROP TABLE timeseries_data
2026-02-20 23:21:26,395 [INFO] [sqlalchemy.engine.Engine] [no key 0.00055s] ()
2026-02-20 23:21:26,402 [INFO] [sqlalchemy.engine.Engine] 
DROP TABLE timeseries
2026-02-20 23:21:26,402 [INFO] [sqlalchemy.engine.Engine] [no key 0.00031s] ()
2026-02-20 23:21:26,406 [INFO] [sqlalchemy.engine.Engine] SELECT pg_catalog.pg_class.relname 
FROM pg_catalog.pg_class JOIN pg_catalog.pg_namespace ON pg_catalog.pg_namespace.oid = pg_catalog.pg_class.relnamespace 
WHERE pg_catalog.pg_class.relkind = $1::CHAR AND pg_catalog.pg_class.relname = $2::VARCHAR AND pg_catalog.pg_table_is_visible(pg_catalog.pg_class.oid) AND pg_catalog.pg_namespace.nspname != $3::VARCHAR
2026-02-20 23:21:26,407 [INFO] [sqlalchemy.engine.Engine] [cached since 0.02087s ago] ('S', 'timeseries_id_seq', 'pg_catalog')
2026-02-20 23:21:26,411 [INFO] [sqlalchemy.engine.Engine] DROP SEQUENCE timeseries_id_seq
2026-02-20 23:21:26,411 [INFO] [sqlalchemy.engine.Engine] [no key 0.00048s] ()
2026-02-20 23:21:26,413 [INFO] [sqlalchemy.engine.Engine] SELECT pg_catalog.pg_class.relname 
FROM pg_catalog.pg_class JOIN pg_catalog.pg_namespace ON pg_catalog.pg_namespace.oid = pg_catalog.pg_class.relnamespace 
WHERE pg_catalog.pg_class.relkind = $1::CHAR AND pg_catalog.pg_class.relname = $2::VARCHAR AND pg_catalog.pg_table_is_visible(pg_catalog.pg_class.oid) AND pg_catalog.pg_namespace.nspname != $3::VARCHAR
2026-02-20 23:21:26,413 [INFO] [sqlalchemy.engine.Engine] [cached since 0.0275s ago] ('S', 'timeseries_data_id_seq', 'pg_catalog')
2026-02-20 23:21:26,415 [INFO] [sqlalchemy.engine.Engine] DROP SEQUENCE timeseries_data_id_seq
2026-02-20 23:21:26,415 [INFO] [sqlalchemy.engine.Engine] [no key 0.00021s] ()
2026-02-20 23:21:26,418 [INFO] [sqlalchemy.engine.Engine] SELECT pg_catalog.pg_class.relname 
FROM pg_catalog.pg_class JOIN pg_catalog.pg_namespace ON pg_catalog.pg_namespace.oid = pg_catalog.pg_class.relnamespace 
WHERE pg_catalog.pg_class.relname = $1::VARCHAR AND pg_catalog.pg_class.relkind = ANY (ARRAY[$2::VARCHAR, $3::VARCHAR, $4::VARCHAR, $5::VARCHAR, $6::VARCHAR]) AND pg_catalog.pg_table_is_visible(pg_catalog.pg_class.oid) AND pg_catalog.pg_namespace.nspname != $7::VARCHAR
2026-02-20 23:21:26,419 [INFO] [sqlalchemy.engine.Engine] [cached since 0.04106s ago] ('timeseries', 'r', 'p', 'f', 'v', 'm', 'pg_catalog')
2026-02-20 23:21:26,421 [INFO] [sqlalchemy.engine.Engine] SELECT pg_catalog.pg_class.relname 
FROM pg_catalog.pg_class JOIN pg_catalog.pg_namespace ON pg_catalog.pg_namespace.oid = pg_catalog.pg_class.relnamespace 
WHERE pg_catalog.pg_class.relname = $1::VARCHAR AND pg_catalog.pg_class.relkind = ANY (ARRAY[$2::VARCHAR, $3::VARCHAR, $4::VARCHAR, $5::VARCHAR, $6::VARCHAR]) AND pg_catalog.pg_table_is_visible(pg_catalog.pg_class.oid) AND pg_catalog.pg_namespace.nspname != $7::VARCHAR
2026-02-20 23:21:26,421 [INFO] [sqlalchemy.engine.Engine] [cached since 0.04356s ago] ('timeseries_data', 'r', 'p', 'f', 'v', 'm', 'pg_catalog')
2026-02-20 23:21:26,424 [INFO] [sqlalchemy.engine.Engine] SELECT pg_catalog.pg_class.relname 
FROM pg_catalog.pg_class JOIN pg_catalog.pg_namespace ON pg_catalog.pg_namespace.oid = pg_catalog.pg_class.relnamespace 
WHERE pg_catalog.pg_class.relkind = $1::CHAR AND pg_catalog.pg_class.relname = $2::VARCHAR AND pg_catalog.pg_table_is_visible(pg_catalog.pg_class.oid) AND pg_catalog.pg_namespace.nspname != $3::VARCHAR
2026-02-20 23:21:26,424 [INFO] [sqlalchemy.engine.Engine] [cached since 0.03822s ago] ('S', 'timeseries_id_seq', 'pg_catalog')
2026-02-20 23:21:26,426 [INFO] [sqlalchemy.engine.Engine] CREATE SEQUENCE timeseries_id_seq
2026-02-20 23:21:26,427 [INFO] [sqlalchemy.engine.Engine] [no key 0.00017s] ()
2026-02-20 23:21:26,429 [INFO] [sqlalchemy.engine.Engine] 
CREATE TABLE timeseries (
	id INTEGER NOT NULL, 
	name VARCHAR(50) NOT NULL, 
	description VARCHAR(100), 
	CONSTRAINT pk_timeseries_id PRIMARY KEY (id)
)


2026-02-20 23:21:26,429 [INFO] [sqlalchemy.engine.Engine] [no key 0.00026s] ()
2026-02-20 23:21:26,435 [INFO] [sqlalchemy.engine.Engine] SELECT pg_catalog.pg_class.relname 
FROM pg_catalog.pg_class JOIN pg_catalog.pg_namespace ON pg_catalog.pg_namespace.oid = pg_catalog.pg_class.relnamespace 
WHERE pg_catalog.pg_class.relkind = $1::CHAR AND pg_catalog.pg_class.relname = $2::VARCHAR AND pg_catalog.pg_table_is_visible(pg_catalog.pg_class.oid) AND pg_catalog.pg_namespace.nspname != $3::VARCHAR
2026-02-20 23:21:26,435 [INFO] [sqlalchemy.engine.Engine] [cached since 0.04907s ago] ('S', 'timeseries_data_id_seq', 'pg_catalog')
2026-02-20 23:21:26,437 [INFO] [sqlalchemy.engine.Engine] CREATE SEQUENCE timeseries_data_id_seq
2026-02-20 23:21:26,437 [INFO] [sqlalchemy.engine.Engine] [no key 0.00019s] ()
2026-02-20 23:21:26,439 [INFO] [sqlalchemy.engine.Engine] 
CREATE TABLE timeseries_data (
	id INTEGER NOT NULL, 
	timeseries_id INTEGER NOT NULL, 
	timestamp DATE NOT NULL, 
	value FLOAT NOT NULL, 
	status VARCHAR(1) NOT NULL, 
	created_at TIMESTAMP WITHOUT TIME ZONE NOT NULL, 
	CONSTRAINT pk_timeseries_data_id PRIMARY KEY (id, timestamp), 
	CONSTRAINT fk_timeseries_data_timeseries_id FOREIGN KEY(timeseries_id) REFERENCES timeseries (id)
)


2026-02-20 23:21:26,440 [INFO] [sqlalchemy.engine.Engine] [no key 0.00042s] ()
2026-02-20 23:21:26,446 [INFO] [sqlalchemy.engine.Engine] 
            SELECT create_hypertable(
                'timeseries_data',
                'timestamp',
                chunk_time_interval => INTERVAL '1 day',
                if_not_exists => TRUE
            );
            
2026-02-20 23:21:26,447 [INFO] [sqlalchemy.engine.Engine] [no key 0.00041s] ()
2026-02-20 23:21:26,453 [INFO] [sqlalchemy.engine.Engine] COMMIT
2026-02-20 23:23:47,654 [INFO] [sqlalchemy.engine.Engine] select pg_catalog.version()
2026-02-20 23:23:47,654 [INFO] [sqlalchemy.engine.Engine] [raw sql] ()
2026-02-20 23:23:47,660 [INFO] [sqlalchemy.engine.Engine] select current_schema()
2026-02-20 23:23:47,660 [INFO] [sqlalchemy.engine.Engine] [raw sql] ()
2026-02-20 23:23:47,662 [INFO] [sqlalchemy.engine.Engine] show standard_conforming_strings
2026-02-20 23:23:47,662 [INFO] [sqlalchemy.engine.Engine] [raw sql] ()
2026-02-20 23:23:47,664 [INFO] [sqlalchemy.engine.Engine] BEGIN (implicit)
2026-02-20 23:23:47,666 [INFO] [sqlalchemy.engine.Engine] SELECT pg_catalog.pg_class.relname 
FROM pg_catalog.pg_class JOIN pg_catalog.pg_namespace ON pg_catalog.pg_namespace.oid = pg_catalog.pg_class.relnamespace 
WHERE pg_catalog.pg_class.relname = $1::VARCHAR AND pg_catalog.pg_class.relkind = ANY (ARRAY[$2::VARCHAR, $3::VARCHAR, $4::VARCHAR, $5::VARCHAR, $6::VARCHAR]) AND pg_catalog.pg_table_is_visible(pg_catalog.pg_class.oid) AND pg_catalog.pg_namespace.nspname != $7::VARCHAR
2026-02-20 23:23:47,666 [INFO] [sqlalchemy.engine.Engine] [generated in 0.00034s] ('timeseries', 'r', 'p', 'f', 'v', 'm', 'pg_catalog')
2026-02-20 23:23:47,673 [INFO] [sqlalchemy.engine.Engine] SELECT pg_catalog.pg_class.relname 
FROM pg_catalog.pg_class JOIN pg_catalog.pg_namespace ON pg_catalog.pg_namespace.oid = pg_catalog.pg_class.relnamespace 
WHERE pg_catalog.pg_class.relname = $1::VARCHAR AND pg_catalog.pg_class.relkind = ANY (ARRAY[$2::VARCHAR, $3::VARCHAR, $4::VARCHAR, $5::VARCHAR, $6::VARCHAR]) AND pg_catalog.pg_table_is_visible(pg_catalog.pg_class.oid) AND pg_catalog.pg_namespace.nspname != $7::VARCHAR
2026-02-20 23:23:47,673 [INFO] [sqlalchemy.engine.Engine] [cached since 0.007327s ago] ('timeseries_data', 'r', 'p', 'f', 'v', 'm', 'pg_catalog')
2026-02-20 23:23:47,675 [INFO] [sqlalchemy.engine.Engine] SELECT pg_catalog.pg_class.relname 
FROM pg_catalog.pg_class JOIN pg_catalog.pg_namespace ON pg_catalog.pg_namespace.oid = pg_catalog.pg_class.relnamespace 
WHERE pg_catalog.pg_class.relkind = $1::CHAR AND pg_catalog.pg_class.relname = $2::VARCHAR AND pg_catalog.pg_table_is_visible(pg_catalog.pg_class.oid) AND pg_catalog.pg_namespace.nspname != $3::VARCHAR
2026-02-20 23:23:47,675 [INFO] [sqlalchemy.engine.Engine] [generated in 0.00029s] ('S', 'timeseries_id_seq', 'pg_catalog')
2026-02-20 23:23:47,677 [INFO] [sqlalchemy.engine.Engine] SELECT pg_catalog.pg_class.relname 
FROM pg_catalog.pg_class JOIN pg_catalog.pg_namespace ON pg_catalog.pg_namespace.oid = pg_catalog.pg_class.relnamespace 
WHERE pg_catalog.pg_class.relkind = $1::CHAR AND pg_catalog.pg_class.relname = $2::VARCHAR AND pg_catalog.pg_table_is_visible(pg_catalog.pg_class.oid) AND pg_catalog.pg_namespace.nspname != $3::VARCHAR
2026-02-20 23:23:47,677 [INFO] [sqlalchemy.engine.Engine] [cached since 0.002282s ago] ('S', 'timeseries_data_id_seq', 'pg_catalog')
2026-02-20 23:23:47,678 [INFO] [sqlalchemy.engine.Engine] 
DROP TABLE timeseries_data
2026-02-20 23:23:47,678 [INFO] [sqlalchemy.engine.Engine] [no key 0.00022s] ()
2026-02-20 23:23:47,683 [INFO] [sqlalchemy.engine.Engine] 
DROP TABLE timeseries
2026-02-20 23:23:47,683 [INFO] [sqlalchemy.engine.Engine] [no key 0.00026s] ()
2026-02-20 23:23:47,685 [INFO] [sqlalchemy.engine.Engine] SELECT pg_catalog.pg_class.relname 
FROM pg_catalog.pg_class JOIN pg_catalog.pg_namespace ON pg_catalog.pg_namespace.oid = pg_catalog.pg_class.relnamespace 
WHERE pg_catalog.pg_class.relkind = $1::CHAR AND pg_catalog.pg_class.relname = $2::VARCHAR AND pg_catalog.pg_table_is_visible(pg_catalog.pg_class.oid) AND pg_catalog.pg_namespace.nspname != $3::VARCHAR
2026-02-20 23:23:47,686 [INFO] [sqlalchemy.engine.Engine] [cached since 0.01066s ago] ('S', 'timeseries_id_seq', 'pg_catalog')
2026-02-20 23:23:47,687 [INFO] [sqlalchemy.engine.Engine] DROP SEQUENCE timeseries_id_seq
2026-02-20 23:23:47,687 [INFO] [sqlalchemy.engine.Engine] [no key 0.00021s] ()
2026-02-20 23:23:47,689 [INFO] [sqlalchemy.engine.Engine] SELECT pg_catalog.pg_class.relname 
FROM pg_catalog.pg_class JOIN pg_catalog.pg_namespace ON pg_catalog.pg_namespace.oid = pg_catalog.pg_class.relnamespace 
WHERE pg_catalog.pg_class.relkind = $1::CHAR AND pg_catalog.pg_class.relname = $2::VARCHAR AND pg_catalog.pg_table_is_visible(pg_catalog.pg_class.oid) AND pg_catalog.pg_namespace.nspname != $3::VARCHAR
2026-02-20 23:23:47,689 [INFO] [sqlalchemy.engine.Engine] [cached since 0.01429s ago] ('S', 'timeseries_data_id_seq', 'pg_catalog')
2026-02-20 23:23:47,691 [INFO] [sqlalchemy.engine.Engine] DROP SEQUENCE timeseries_data_id_seq
2026-02-20 23:23:47,691 [INFO] [sqlalchemy.engine.Engine] [no key 0.00017s] ()
2026-02-20 23:23:47,692 [INFO] [sqlalchemy.engine.Engine] SELECT pg_catalog.pg_class.relname 
FROM pg_catalog.pg_class JOIN pg_catalog.pg_namespace ON pg_catalog.pg_namespace.oid = pg_catalog.pg_class.relnamespace 
WHERE pg_catalog.pg_class.relname = $1::VARCHAR AND pg_catalog.pg_class.relkind = ANY (ARRAY[$2::VARCHAR, $3::VARCHAR, $4::VARCHAR, $5::VARCHAR, $6::VARCHAR]) AND pg_catalog.pg_table_is_visible(pg_catalog.pg_class.oid) AND pg_catalog.pg_namespace.nspname != $7::VARCHAR
2026-02-20 23:23:47,693 [INFO] [sqlalchemy.engine.Engine] [cached since 0.02665s ago] ('timeseries', 'r', 'p', 'f', 'v', 'm', 'pg_catalog')
2026-02-20 23:23:47,694 [INFO] [sqlalchemy.engine.Engine] SELECT pg_catalog.pg_class.relname 
FROM pg_catalog.pg_class JOIN pg_catalog.pg_namespace ON pg_catalog.pg_namespace.oid = pg_catalog.pg_class.relnamespace 
WHERE pg_catalog.pg_class.relname = $1::VARCHAR AND pg_catalog.pg_class.relkind = ANY (ARRAY[$2::VARCHAR, $3::VARCHAR, $4::VARCHAR, $5::VARCHAR, $6::VARCHAR]) AND pg_catalog.pg_table_is_visible(pg_catalog.pg_class.oid) AND pg_catalog.pg_namespace.nspname != $7::VARCHAR
2026-02-20 23:23:47,694 [INFO] [sqlalchemy.engine.Engine] [cached since 0.02818s ago] ('timeseries_data', 'r', 'p', 'f', 'v', 'm', 'pg_catalog')
2026-02-20 23:23:47,695 [INFO] [sqlalchemy.engine.Engine] SELECT pg_catalog.pg_class.relname 
FROM pg_catalog.pg_class JOIN pg_catalog.pg_namespace ON pg_catalog.pg_namespace.oid = pg_catalog.pg_class.relnamespace 
WHERE pg_catalog.pg_class.relkind = $1::CHAR AND pg_catalog.pg_class.relname = $2::VARCHAR AND pg_catalog.pg_table_is_visible(pg_catalog.pg_class.oid) AND pg_catalog.pg_namespace.nspname != $3::VARCHAR
2026-02-20 23:23:47,695 [INFO] [sqlalchemy.engine.Engine] [cached since 0.0206s ago] ('S', 'timeseries_id_seq', 'pg_catalog')
2026-02-20 23:23:47,697 [INFO] [sqlalchemy.engine.Engine] CREATE SEQUENCE timeseries_id_seq
2026-02-20 23:23:47,697 [INFO] [sqlalchemy.engine.Engine] [no key 0.00017s] ()
2026-02-20 23:23:47,699 [INFO] [sqlalchemy.engine.Engine] 
CREATE TABLE timeseries (
	id INTEGER NOT NULL, 
	name VARCHAR(50) NOT NULL, 
	description VARCHAR(100), 
	CONSTRAINT pk_timeseries_id PRIMARY KEY (id)
)


2026-02-20 23:23:47,700 [INFO] [sqlalchemy.engine.Engine] [no key 0.00028s] ()
2026-02-20 23:23:47,705 [INFO] [sqlalchemy.engine.Engine] SELECT pg_catalog.pg_class.relname 
FROM pg_catalog.pg_class JOIN pg_catalog.pg_namespace ON pg_catalog.pg_namespace.oid = pg_catalog.pg_class.relnamespace 
WHERE pg_catalog.pg_class.relkind = $1::CHAR AND pg_catalog.pg_class.relname = $2::VARCHAR AND pg_catalog.pg_table_is_visible(pg_catalog.pg_class.oid) AND pg_catalog.pg_namespace.nspname != $3::VARCHAR
2026-02-20 23:23:47,705 [INFO] [sqlalchemy.engine.Engine] [cached since 0.02998s ago] ('S', 'timeseries_data_id_seq', 'pg_catalog')
2026-02-20 23:23:47,706 [INFO] [sqlalchemy.engine.Engine] CREATE SEQUENCE timeseries_data_id_seq
2026-02-20 23:23:47,707 [INFO] [sqlalchemy.engine.Engine] [no key 0.00021s] ()
2026-02-20 23:23:47,708 [INFO] [sqlalchemy.engine.Engine] 
CREATE TABLE timeseries_data (
	id INTEGER NOT NULL, 
	timeseries_id INTEGER NOT NULL, 
	timestamp DATE NOT NULL, 
	value FLOAT NOT NULL, 
	status VARCHAR(1) NOT NULL, 
	created_at TIMESTAMP WITHOUT TIME ZONE NOT NULL, 
	CONSTRAINT pk_timeseries_data_id PRIMARY KEY (id, timestamp), 
	CONSTRAINT fk_timeseries_data_timeseries_id FOREIGN KEY(timeseries_id) REFERENCES timeseries (id)
)


2026-02-20 23:23:47,709 [INFO] [sqlalchemy.engine.Engine] [no key 0.00044s] ()
2026-02-20 23:23:47,715 [INFO] [sqlalchemy.engine.Engine] 
            SELECT create_hypertable(
                'timeseries_data',
                'timestamp',
                chunk_time_interval => INTERVAL '1 day',
                if_not_exists => TRUE
            );
            
2026-02-20 23:23:47,715 [INFO] [sqlalchemy.engine.Engine] [no key 0.00030s] ()
2026-02-20 23:23:47,720 [INFO] [sqlalchemy.engine.Engine] COMMIT
2026-02-20 23:23:52,593 [INFO] [src.services.timeseries_service] Created timeseries with ID: None
2026-02-20 23:23:52,595 [INFO] [sqlalchemy.engine.Engine] BEGIN (implicit)
2026-02-20 23:23:52,597 [INFO] [sqlalchemy.engine.Engine] INSERT INTO timeseries (id, name, description) VALUES (nextval('timeseries_id_seq'), $1::VARCHAR, $2::VARCHAR) RETURNING timeseries.id
2026-02-20 23:23:52,597 [INFO] [sqlalchemy.engine.Engine] [generated in 0.00039s] ('timeseries_data', None)
2026-02-20 23:23:52,603 [INFO] [sqlalchemy.engine.Engine] INSERT INTO timeseries_data (id, timeseries_id, timestamp, value, status, created_at) VALUES (nextval('timeseries_data_id_seq'), $1::INTEGER, $2::DATE, $3::FLOAT, $4::VARCHAR, $5::TIMESTAMP WITHOUT TIME ZONE) RETURNING timeseries_data.id
2026-02-20 23:23:52,603 [INFO] [sqlalchemy.engine.Engine] [generated in 0.00025s (insertmanyvalues) 1/96 (ordered; batch not supported)] (None, datetime.datetime(2024, 1, 1, 0, 15), 21.0, <StatusEnum.ERSATZ: 'E'>, datetime.datetime(2026, 2, 20, 23, 23, 47, 601501))
2026-02-20 23:23:52,650 [INFO] [sqlalchemy.engine.Engine] ROLLBACK
2026-02-20 23:24:34,131 [INFO] [sqlalchemy.engine.Engine] select pg_catalog.version()
2026-02-20 23:24:34,132 [INFO] [sqlalchemy.engine.Engine] [raw sql] ()
2026-02-20 23:24:34,136 [INFO] [sqlalchemy.engine.Engine] select current_schema()
2026-02-20 23:24:34,136 [INFO] [sqlalchemy.engine.Engine] [raw sql] ()
2026-02-20 23:24:34,139 [INFO] [sqlalchemy.engine.Engine] show standard_conforming_strings
2026-02-20 23:24:34,140 [INFO] [sqlalchemy.engine.Engine] [raw sql] ()
2026-02-20 23:24:34,141 [INFO] [sqlalchemy.engine.Engine] BEGIN (implicit)
2026-02-20 23:24:34,143 [INFO] [sqlalchemy.engine.Engine] SELECT pg_catalog.pg_class.relname 
FROM pg_catalog.pg_class JOIN pg_catalog.pg_namespace ON pg_catalog.pg_namespace.oid = pg_catalog.pg_class.relnamespace 
WHERE pg_catalog.pg_class.relname = $1::VARCHAR AND pg_catalog.pg_class.relkind = ANY (ARRAY[$2::VARCHAR, $3::VARCHAR, $4::VARCHAR, $5::VARCHAR, $6::VARCHAR]) AND pg_catalog.pg_table_is_visible(pg_catalog.pg_class.oid) AND pg_catalog.pg_namespace.nspname != $7::VARCHAR
2026-02-20 23:24:34,143 [INFO] [sqlalchemy.engine.Engine] [generated in 0.00031s] ('timeseries', 'r', 'p', 'f', 'v', 'm', 'pg_catalog')
2026-02-20 23:24:34,149 [INFO] [sqlalchemy.engine.Engine] SELECT pg_catalog.pg_class.relname 
FROM pg_catalog.pg_class JOIN pg_catalog.pg_namespace ON pg_catalog.pg_namespace.oid = pg_catalog.pg_class.relnamespace 
WHERE pg_catalog.pg_class.relname = $1::VARCHAR AND pg_catalog.pg_class.relkind = ANY (ARRAY[$2::VARCHAR, $3::VARCHAR, $4::VARCHAR, $5::VARCHAR, $6::VARCHAR]) AND pg_catalog.pg_table_is_visible(pg_catalog.pg_class.oid) AND pg_catalog.pg_namespace.nspname != $7::VARCHAR
2026-02-20 23:24:34,149 [INFO] [sqlalchemy.engine.Engine] [cached since 0.005747s ago] ('timeseries_data', 'r', 'p', 'f', 'v', 'm', 'pg_catalog')
2026-02-20 23:24:34,150 [INFO] [sqlalchemy.engine.Engine] SELECT pg_catalog.pg_class.relname 
FROM pg_catalog.pg_class JOIN pg_catalog.pg_namespace ON pg_catalog.pg_namespace.oid = pg_catalog.pg_class.relnamespace 
WHERE pg_catalog.pg_class.relkind = $1::CHAR AND pg_catalog.pg_class.relname = $2::VARCHAR AND pg_catalog.pg_table_is_visible(pg_catalog.pg_class.oid) AND pg_catalog.pg_namespace.nspname != $3::VARCHAR
2026-02-20 23:24:34,150 [INFO] [sqlalchemy.engine.Engine] [generated in 0.00028s] ('S', 'timeseries_id_seq', 'pg_catalog')
2026-02-20 23:24:34,152 [INFO] [sqlalchemy.engine.Engine] SELECT pg_catalog.pg_class.relname 
FROM pg_catalog.pg_class JOIN pg_catalog.pg_namespace ON pg_catalog.pg_namespace.oid = pg_catalog.pg_class.relnamespace 
WHERE pg_catalog.pg_class.relkind = $1::CHAR AND pg_catalog.pg_class.relname = $2::VARCHAR AND pg_catalog.pg_table_is_visible(pg_catalog.pg_class.oid) AND pg_catalog.pg_namespace.nspname != $3::VARCHAR
2026-02-20 23:24:34,152 [INFO] [sqlalchemy.engine.Engine] [cached since 0.001965s ago] ('S', 'timeseries_data_id_seq', 'pg_catalog')
2026-02-20 23:24:34,153 [INFO] [sqlalchemy.engine.Engine] 
DROP TABLE timeseries_data
2026-02-20 23:24:34,153 [INFO] [sqlalchemy.engine.Engine] [no key 0.00018s] ()
2026-02-20 23:24:34,157 [INFO] [sqlalchemy.engine.Engine] 
DROP TABLE timeseries
2026-02-20 23:24:34,158 [INFO] [sqlalchemy.engine.Engine] [no key 0.00027s] ()
2026-02-20 23:24:34,160 [INFO] [sqlalchemy.engine.Engine] SELECT pg_catalog.pg_class.relname 
FROM pg_catalog.pg_class JOIN pg_catalog.pg_namespace ON pg_catalog.pg_namespace.oid = pg_catalog.pg_class.relnamespace 
WHERE pg_catalog.pg_class.relkind = $1::CHAR AND pg_catalog.pg_class.relname = $2::VARCHAR AND pg_catalog.pg_table_is_visible(pg_catalog.pg_class.oid) AND pg_catalog.pg_namespace.nspname != $3::VARCHAR
2026-02-20 23:24:34,160 [INFO] [sqlalchemy.engine.Engine] [cached since 0.009872s ago] ('S', 'timeseries_id_seq', 'pg_catalog')
2026-02-20 23:24:34,161 [INFO] [sqlalchemy.engine.Engine] DROP SEQUENCE timeseries_id_seq
2026-02-20 23:24:34,161 [INFO] [sqlalchemy.engine.Engine] [no key 0.00015s] ()
2026-02-20 23:24:34,163 [INFO] [sqlalchemy.engine.Engine] SELECT pg_catalog.pg_class.relname 
FROM pg_catalog.pg_class JOIN pg_catalog.pg_namespace ON pg_catalog.pg_namespace.oid = pg_catalog.pg_class.relnamespace 
WHERE pg_catalog.pg_class.relkind = $1::CHAR AND pg_catalog.pg_class.relname = $2::VARCHAR AND pg_catalog.pg_table_is_visible(pg_catalog.pg_class.oid) AND pg_catalog.pg_namespace.nspname != $3::VARCHAR
2026-02-20 23:24:34,163 [INFO] [sqlalchemy.engine.Engine] [cached since 0.01308s ago] ('S', 'timeseries_data_id_seq', 'pg_catalog')
2026-02-20 23:24:34,165 [INFO] [sqlalchemy.engine.Engine] DROP SEQUENCE timeseries_data_id_seq
2026-02-20 23:24:34,165 [INFO] [sqlalchemy.engine.Engine] [no key 0.00017s] ()
2026-02-20 23:24:34,167 [INFO] [sqlalchemy.engine.Engine] SELECT pg_catalog.pg_class.relname 
FROM pg_catalog.pg_class JOIN pg_catalog.pg_namespace ON pg_catalog.pg_namespace.oid = pg_catalog.pg_class.relnamespace 
WHERE pg_catalog.pg_class.relname = $1::VARCHAR AND pg_catalog.pg_class.relkind = ANY (ARRAY[$2::VARCHAR, $3::VARCHAR, $4::VARCHAR, $5::VARCHAR, $6::VARCHAR]) AND pg_catalog.pg_table_is_visible(pg_catalog.pg_class.oid) AND pg_catalog.pg_namespace.nspname != $7::VARCHAR
2026-02-20 23:24:34,167 [INFO] [sqlalchemy.engine.Engine] [cached since 0.02374s ago] ('timeseries', 'r', 'p', 'f', 'v', 'm', 'pg_catalog')
2026-02-20 23:24:34,168 [INFO] [sqlalchemy.engine.Engine] SELECT pg_catalog.pg_class.relname 
FROM pg_catalog.pg_class JOIN pg_catalog.pg_namespace ON pg_catalog.pg_namespace.oid = pg_catalog.pg_class.relnamespace 
WHERE pg_catalog.pg_class.relname = $1::VARCHAR AND pg_catalog.pg_class.relkind = ANY (ARRAY[$2::VARCHAR, $3::VARCHAR, $4::VARCHAR, $5::VARCHAR, $6::VARCHAR]) AND pg_catalog.pg_table_is_visible(pg_catalog.pg_class.oid) AND pg_catalog.pg_namespace.nspname != $7::VARCHAR
2026-02-20 23:24:34,168 [INFO] [sqlalchemy.engine.Engine] [cached since 0.02515s ago] ('timeseries_data', 'r', 'p', 'f', 'v', 'm', 'pg_catalog')
2026-02-20 23:24:34,169 [INFO] [sqlalchemy.engine.Engine] SELECT pg_catalog.pg_class.relname 
FROM pg_catalog.pg_class JOIN pg_catalog.pg_namespace ON pg_catalog.pg_namespace.oid = pg_catalog.pg_class.relnamespace 
WHERE pg_catalog.pg_class.relkind = $1::CHAR AND pg_catalog.pg_class.relname = $2::VARCHAR AND pg_catalog.pg_table_is_visible(pg_catalog.pg_class.oid) AND pg_catalog.pg_namespace.nspname != $3::VARCHAR
2026-02-20 23:24:34,169 [INFO] [sqlalchemy.engine.Engine] [cached since 0.01931s ago] ('S', 'timeseries_id_seq', 'pg_catalog')
2026-02-20 23:24:34,171 [INFO] [sqlalchemy.engine.Engine] CREATE SEQUENCE timeseries_id_seq
2026-02-20 23:24:34,171 [INFO] [sqlalchemy.engine.Engine] [no key 0.00020s] ()
2026-02-20 23:24:34,174 [INFO] [sqlalchemy.engine.Engine] 
CREATE TABLE timeseries (
	id INTEGER NOT NULL, 
	name VARCHAR(50) NOT NULL, 
	description VARCHAR(100), 
	CONSTRAINT pk_timeseries_id PRIMARY KEY (id)
)


2026-02-20 23:24:34,174 [INFO] [sqlalchemy.engine.Engine] [no key 0.00032s] ()
2026-02-20 23:24:34,192 [INFO] [sqlalchemy.engine.Engine] SELECT pg_catalog.pg_class.relname 
FROM pg_catalog.pg_class JOIN pg_catalog.pg_namespace ON pg_catalog.pg_namespace.oid = pg_catalog.pg_class.relnamespace 
WHERE pg_catalog.pg_class.relkind = $1::CHAR AND pg_catalog.pg_class.relname = $2::VARCHAR AND pg_catalog.pg_table_is_visible(pg_catalog.pg_class.oid) AND pg_catalog.pg_namespace.nspname != $3::VARCHAR
2026-02-20 23:24:34,192 [INFO] [sqlalchemy.engine.Engine] [cached since 0.0418s ago] ('S', 'timeseries_data_id_seq', 'pg_catalog')
2026-02-20 23:24:34,193 [INFO] [sqlalchemy.engine.Engine] CREATE SEQUENCE timeseries_data_id_seq
2026-02-20 23:24:34,194 [INFO] [sqlalchemy.engine.Engine] [no key 0.00033s] ()
2026-02-20 23:24:34,196 [INFO] [sqlalchemy.engine.Engine] 
CREATE TABLE timeseries_data (
	id INTEGER NOT NULL, 
	timeseries_id INTEGER NOT NULL, 
	timestamp DATE NOT NULL, 
	value FLOAT NOT NULL, 
	status VARCHAR(1) NOT NULL, 
	created_at TIMESTAMP WITHOUT TIME ZONE NOT NULL, 
	CONSTRAINT pk_timeseries_data_id PRIMARY KEY (id, timestamp), 
	CONSTRAINT fk_timeseries_data_timeseries_id FOREIGN KEY(timeseries_id) REFERENCES timeseries (id)
)


2026-02-20 23:24:34,196 [INFO] [sqlalchemy.engine.Engine] [no key 0.00031s] ()
2026-02-20 23:24:34,202 [INFO] [sqlalchemy.engine.Engine] 
            SELECT create_hypertable(
                'timeseries_data',
                'timestamp',
                chunk_time_interval => INTERVAL '1 day',
                if_not_exists => TRUE
            );
            
2026-02-20 23:24:34,202 [INFO] [sqlalchemy.engine.Engine] [no key 0.00029s] ()
2026-02-20 23:24:34,208 [INFO] [sqlalchemy.engine.Engine] COMMIT
2026-02-20 23:24:44,560 [INFO] [sqlalchemy.engine.Engine] select pg_catalog.version()
2026-02-20 23:24:44,560 [INFO] [sqlalchemy.engine.Engine] [raw sql] ()
2026-02-20 23:24:44,565 [INFO] [sqlalchemy.engine.Engine] select current_schema()
2026-02-20 23:24:44,566 [INFO] [sqlalchemy.engine.Engine] [raw sql] ()
2026-02-20 23:24:44,567 [INFO] [sqlalchemy.engine.Engine] show standard_conforming_strings
2026-02-20 23:24:44,567 [INFO] [sqlalchemy.engine.Engine] [raw sql] ()
2026-02-20 23:24:44,568 [INFO] [sqlalchemy.engine.Engine] BEGIN (implicit)
2026-02-20 23:24:44,571 [INFO] [sqlalchemy.engine.Engine] SELECT pg_catalog.pg_class.relname 
FROM pg_catalog.pg_class JOIN pg_catalog.pg_namespace ON pg_catalog.pg_namespace.oid = pg_catalog.pg_class.relnamespace 
WHERE pg_catalog.pg_class.relname = $1::VARCHAR AND pg_catalog.pg_class.relkind = ANY (ARRAY[$2::VARCHAR, $3::VARCHAR, $4::VARCHAR, $5::VARCHAR, $6::VARCHAR]) AND pg_catalog.pg_table_is_visible(pg_catalog.pg_class.oid) AND pg_catalog.pg_namespace.nspname != $7::VARCHAR
2026-02-20 23:24:44,571 [INFO] [sqlalchemy.engine.Engine] [generated in 0.00040s] ('timeseries', 'r', 'p', 'f', 'v', 'm', 'pg_catalog')
2026-02-20 23:24:44,576 [INFO] [sqlalchemy.engine.Engine] SELECT pg_catalog.pg_class.relname 
FROM pg_catalog.pg_class JOIN pg_catalog.pg_namespace ON pg_catalog.pg_namespace.oid = pg_catalog.pg_class.relnamespace 
WHERE pg_catalog.pg_class.relname = $1::VARCHAR AND pg_catalog.pg_class.relkind = ANY (ARRAY[$2::VARCHAR, $3::VARCHAR, $4::VARCHAR, $5::VARCHAR, $6::VARCHAR]) AND pg_catalog.pg_table_is_visible(pg_catalog.pg_class.oid) AND pg_catalog.pg_namespace.nspname != $7::VARCHAR
2026-02-20 23:24:44,577 [INFO] [sqlalchemy.engine.Engine] [cached since 0.006405s ago] ('timeseries_data', 'r', 'p', 'f', 'v', 'm', 'pg_catalog')
2026-02-20 23:24:44,578 [INFO] [sqlalchemy.engine.Engine] SELECT pg_catalog.pg_class.relname 
FROM pg_catalog.pg_class JOIN pg_catalog.pg_namespace ON pg_catalog.pg_namespace.oid = pg_catalog.pg_class.relnamespace 
WHERE pg_catalog.pg_class.relkind = $1::CHAR AND pg_catalog.pg_class.relname = $2::VARCHAR AND pg_catalog.pg_table_is_visible(pg_catalog.pg_class.oid) AND pg_catalog.pg_namespace.nspname != $3::VARCHAR
2026-02-20 23:24:44,578 [INFO] [sqlalchemy.engine.Engine] [generated in 0.00024s] ('S', 'timeseries_id_seq', 'pg_catalog')
2026-02-20 23:24:44,580 [INFO] [sqlalchemy.engine.Engine] SELECT pg_catalog.pg_class.relname 
FROM pg_catalog.pg_class JOIN pg_catalog.pg_namespace ON pg_catalog.pg_namespace.oid = pg_catalog.pg_class.relnamespace 
WHERE pg_catalog.pg_class.relkind = $1::CHAR AND pg_catalog.pg_class.relname = $2::VARCHAR AND pg_catalog.pg_table_is_visible(pg_catalog.pg_class.oid) AND pg_catalog.pg_namespace.nspname != $3::VARCHAR
2026-02-20 23:24:44,581 [INFO] [sqlalchemy.engine.Engine] [cached since 0.002296s ago] ('S', 'timeseries_data_id_seq', 'pg_catalog')
2026-02-20 23:24:44,581 [INFO] [sqlalchemy.engine.Engine] 
DROP TABLE timeseries_data
2026-02-20 23:24:44,582 [INFO] [sqlalchemy.engine.Engine] [no key 0.00017s] ()
2026-02-20 23:24:44,586 [INFO] [sqlalchemy.engine.Engine] 
DROP TABLE timeseries
2026-02-20 23:24:44,586 [INFO] [sqlalchemy.engine.Engine] [no key 0.00021s] ()
2026-02-20 23:24:44,588 [INFO] [sqlalchemy.engine.Engine] SELECT pg_catalog.pg_class.relname 
FROM pg_catalog.pg_class JOIN pg_catalog.pg_namespace ON pg_catalog.pg_namespace.oid = pg_catalog.pg_class.relnamespace 
WHERE pg_catalog.pg_class.relkind = $1::CHAR AND pg_catalog.pg_class.relname = $2::VARCHAR AND pg_catalog.pg_table_is_visible(pg_catalog.pg_class.oid) AND pg_catalog.pg_namespace.nspname != $3::VARCHAR
2026-02-20 23:24:44,588 [INFO] [sqlalchemy.engine.Engine] [cached since 0.009912s ago] ('S', 'timeseries_id_seq', 'pg_catalog')
2026-02-20 23:24:44,589 [INFO] [sqlalchemy.engine.Engine] DROP SEQUENCE timeseries_id_seq
2026-02-20 23:24:44,590 [INFO] [sqlalchemy.engine.Engine] [no key 0.00015s] ()
2026-02-20 23:24:44,591 [INFO] [sqlalchemy.engine.Engine] SELECT pg_catalog.pg_class.relname 
FROM pg_catalog.pg_class JOIN pg_catalog.pg_namespace ON pg_catalog.pg_namespace.oid = pg_catalog.pg_class.relnamespace 
WHERE pg_catalog.pg_class.relkind = $1::CHAR AND pg_catalog.pg_class.relname = $2::VARCHAR AND pg_catalog.pg_table_is_visible(pg_catalog.pg_class.oid) AND pg_catalog.pg_namespace.nspname != $3::VARCHAR
2026-02-20 23:24:44,591 [INFO] [sqlalchemy.engine.Engine] [cached since 0.01321s ago] ('S', 'timeseries_data_id_seq', 'pg_catalog')
2026-02-20 23:24:44,593 [INFO] [sqlalchemy.engine.Engine] DROP SEQUENCE timeseries_data_id_seq
2026-02-20 23:24:44,593 [INFO] [sqlalchemy.engine.Engine] [no key 0.00014s] ()
2026-02-20 23:24:44,594 [INFO] [sqlalchemy.engine.Engine] SELECT pg_catalog.pg_class.relname 
FROM pg_catalog.pg_class JOIN pg_catalog.pg_namespace ON pg_catalog.pg_namespace.oid = pg_catalog.pg_class.relnamespace 
WHERE pg_catalog.pg_class.relname = $1::VARCHAR AND pg_catalog.pg_class.relkind = ANY (ARRAY[$2::VARCHAR, $3::VARCHAR, $4::VARCHAR, $5::VARCHAR, $6::VARCHAR]) AND pg_catalog.pg_table_is_visible(pg_catalog.pg_class.oid) AND pg_catalog.pg_namespace.nspname != $7::VARCHAR
2026-02-20 23:24:44,594 [INFO] [sqlalchemy.engine.Engine] [cached since 0.02395s ago] ('timeseries', 'r', 'p', 'f', 'v', 'm', 'pg_catalog')
2026-02-20 23:24:44,596 [INFO] [sqlalchemy.engine.Engine] SELECT pg_catalog.pg_class.relname 
FROM pg_catalog.pg_class JOIN pg_catalog.pg_namespace ON pg_catalog.pg_namespace.oid = pg_catalog.pg_class.relnamespace 
WHERE pg_catalog.pg_class.relname = $1::VARCHAR AND pg_catalog.pg_class.relkind = ANY (ARRAY[$2::VARCHAR, $3::VARCHAR, $4::VARCHAR, $5::VARCHAR, $6::VARCHAR]) AND pg_catalog.pg_table_is_visible(pg_catalog.pg_class.oid) AND pg_catalog.pg_namespace.nspname != $7::VARCHAR
2026-02-20 23:24:44,596 [INFO] [sqlalchemy.engine.Engine] [cached since 0.02552s ago] ('timeseries_data', 'r', 'p', 'f', 'v', 'm', 'pg_catalog')
2026-02-20 23:24:44,597 [INFO] [sqlalchemy.engine.Engine] SELECT pg_catalog.pg_class.relname 
FROM pg_catalog.pg_class JOIN pg_catalog.pg_namespace ON pg_catalog.pg_namespace.oid = pg_catalog.pg_class.relnamespace 
WHERE pg_catalog.pg_class.relkind = $1::CHAR AND pg_catalog.pg_class.relname = $2::VARCHAR AND pg_catalog.pg_table_is_visible(pg_catalog.pg_class.oid) AND pg_catalog.pg_namespace.nspname != $3::VARCHAR
2026-02-20 23:24:44,597 [INFO] [sqlalchemy.engine.Engine] [cached since 0.01871s ago] ('S', 'timeseries_id_seq', 'pg_catalog')
2026-02-20 23:24:44,598 [INFO] [sqlalchemy.engine.Engine] CREATE SEQUENCE timeseries_id_seq
2026-02-20 23:24:44,598 [INFO] [sqlalchemy.engine.Engine] [no key 0.00015s] ()
2026-02-20 23:24:44,600 [INFO] [sqlalchemy.engine.Engine] 
CREATE TABLE timeseries (
	id INTEGER NOT NULL, 
	name VARCHAR(50) NOT NULL, 
	description VARCHAR(100), 
	CONSTRAINT pk_timeseries_id PRIMARY KEY (id)
)


2026-02-20 23:24:44,601 [INFO] [sqlalchemy.engine.Engine] [no key 0.00028s] ()
2026-02-20 23:24:44,607 [INFO] [sqlalchemy.engine.Engine] SELECT pg_catalog.pg_class.relname 
FROM pg_catalog.pg_class JOIN pg_catalog.pg_namespace ON pg_catalog.pg_namespace.oid = pg_catalog.pg_class.relnamespace 
WHERE pg_catalog.pg_class.relkind = $1::CHAR AND pg_catalog.pg_class.relname = $2::VARCHAR AND pg_catalog.pg_table_is_visible(pg_catalog.pg_class.oid) AND pg_catalog.pg_namespace.nspname != $3::VARCHAR
2026-02-20 23:24:44,607 [INFO] [sqlalchemy.engine.Engine] [cached since 0.02875s ago] ('S', 'timeseries_data_id_seq', 'pg_catalog')
2026-02-20 23:24:44,608 [INFO] [sqlalchemy.engine.Engine] CREATE SEQUENCE timeseries_data_id_seq
2026-02-20 23:24:44,609 [INFO] [sqlalchemy.engine.Engine] [no key 0.00024s] ()
2026-02-20 23:24:44,610 [INFO] [sqlalchemy.engine.Engine] 
CREATE TABLE timeseries_data (
	id INTEGER NOT NULL, 
	timeseries_id INTEGER NOT NULL, 
	timestamp DATE NOT NULL, 
	value FLOAT NOT NULL, 
	status VARCHAR(1) NOT NULL, 
	created_at TIMESTAMP WITHOUT TIME ZONE NOT NULL, 
	CONSTRAINT pk_timeseries_data_id PRIMARY KEY (id, timestamp), 
	CONSTRAINT fk_timeseries_data_timeseries_id FOREIGN KEY(timeseries_id) REFERENCES timeseries (id)
)


2026-02-20 23:24:44,611 [INFO] [sqlalchemy.engine.Engine] [no key 0.00041s] ()
2026-02-20 23:24:44,617 [INFO] [sqlalchemy.engine.Engine] 
            SELECT create_hypertable(
                'timeseries_data',
                'timestamp',
                chunk_time_interval => INTERVAL '1 day',
                if_not_exists => TRUE
            );
            
2026-02-20 23:24:44,618 [INFO] [sqlalchemy.engine.Engine] [no key 0.00022s] ()
2026-02-20 23:24:44,622 [INFO] [sqlalchemy.engine.Engine] COMMIT
2026-02-21 18:48:13,407 [INFO] [sqlalchemy.engine.Engine] select pg_catalog.version()
2026-02-21 18:48:13,417 [INFO] [sqlalchemy.engine.Engine] [raw sql] ()
2026-02-21 18:48:13,425 [INFO] [sqlalchemy.engine.Engine] select current_schema()
2026-02-21 18:48:13,425 [INFO] [sqlalchemy.engine.Engine] [raw sql] ()
2026-02-21 18:48:13,428 [INFO] [sqlalchemy.engine.Engine] show standard_conforming_strings
2026-02-21 18:48:13,428 [INFO] [sqlalchemy.engine.Engine] [raw sql] ()
2026-02-21 18:48:13,430 [INFO] [sqlalchemy.engine.Engine] BEGIN (implicit)
2026-02-21 18:48:13,433 [INFO] [sqlalchemy.engine.Engine] SELECT pg_catalog.pg_class.relname 
FROM pg_catalog.pg_class JOIN pg_catalog.pg_namespace ON pg_catalog.pg_namespace.oid = pg_catalog.pg_class.relnamespace 
WHERE pg_catalog.pg_class.relname = $1::VARCHAR AND pg_catalog.pg_class.relkind = ANY (ARRAY[$2::VARCHAR, $3::VARCHAR, $4::VARCHAR, $5::VARCHAR, $6::VARCHAR]) AND pg_catalog.pg_table_is_visible(pg_catalog.pg_class.oid) AND pg_catalog.pg_namespace.nspname != $7::VARCHAR
2026-02-21 18:48:13,433 [INFO] [sqlalchemy.engine.Engine] [generated in 0.00056s] ('timeseries', 'r', 'p', 'f', 'v', 'm', 'pg_catalog')
2026-02-21 18:48:13,442 [INFO] [sqlalchemy.engine.Engine] SELECT pg_catalog.pg_class.relname 
FROM pg_catalog.pg_class JOIN pg_catalog.pg_namespace ON pg_catalog.pg_namespace.oid = pg_catalog.pg_class.relnamespace 
WHERE pg_catalog.pg_class.relname = $1::VARCHAR AND pg_catalog.pg_class.relkind = ANY (ARRAY[$2::VARCHAR, $3::VARCHAR, $4::VARCHAR, $5::VARCHAR, $6::VARCHAR]) AND pg_catalog.pg_table_is_visible(pg_catalog.pg_class.oid) AND pg_catalog.pg_namespace.nspname != $7::VARCHAR
2026-02-21 18:48:13,442 [INFO] [sqlalchemy.engine.Engine] [cached since 0.00993s ago] ('timeseries_data', 'r', 'p', 'f', 'v', 'm', 'pg_catalog')
2026-02-21 18:48:13,444 [INFO] [sqlalchemy.engine.Engine] SELECT pg_catalog.pg_class.relname 
FROM pg_catalog.pg_class JOIN pg_catalog.pg_namespace ON pg_catalog.pg_namespace.oid = pg_catalog.pg_class.relnamespace 
WHERE pg_catalog.pg_class.relkind = $1::CHAR AND pg_catalog.pg_class.relname = $2::VARCHAR AND pg_catalog.pg_table_is_visible(pg_catalog.pg_class.oid) AND pg_catalog.pg_namespace.nspname != $3::VARCHAR
2026-02-21 18:48:13,445 [INFO] [sqlalchemy.engine.Engine] [generated in 0.00033s] ('S', 'timeseries_id_seq', 'pg_catalog')
2026-02-21 18:48:13,447 [INFO] [sqlalchemy.engine.Engine] SELECT pg_catalog.pg_class.relname 
FROM pg_catalog.pg_class JOIN pg_catalog.pg_namespace ON pg_catalog.pg_namespace.oid = pg_catalog.pg_class.relnamespace 
WHERE pg_catalog.pg_class.relkind = $1::CHAR AND pg_catalog.pg_class.relname = $2::VARCHAR AND pg_catalog.pg_table_is_visible(pg_catalog.pg_class.oid) AND pg_catalog.pg_namespace.nspname != $3::VARCHAR
2026-02-21 18:48:13,447 [INFO] [sqlalchemy.engine.Engine] [cached since 0.002916s ago] ('S', 'timeseries_data_id_seq', 'pg_catalog')
2026-02-21 18:48:13,448 [INFO] [sqlalchemy.engine.Engine] 
DROP TABLE timeseries_data
2026-02-21 18:48:13,449 [INFO] [sqlalchemy.engine.Engine] [no key 0.00024s] ()
2026-02-21 18:48:13,457 [INFO] [sqlalchemy.engine.Engine] 
DROP TABLE timeseries
2026-02-21 18:48:13,458 [INFO] [sqlalchemy.engine.Engine] [no key 0.00043s] ()
2026-02-21 18:48:13,460 [INFO] [sqlalchemy.engine.Engine] SELECT pg_catalog.pg_class.relname 
FROM pg_catalog.pg_class JOIN pg_catalog.pg_namespace ON pg_catalog.pg_namespace.oid = pg_catalog.pg_class.relnamespace 
WHERE pg_catalog.pg_class.relkind = $1::CHAR AND pg_catalog.pg_class.relname = $2::VARCHAR AND pg_catalog.pg_table_is_visible(pg_catalog.pg_class.oid) AND pg_catalog.pg_namespace.nspname != $3::VARCHAR
2026-02-21 18:48:13,460 [INFO] [sqlalchemy.engine.Engine] [cached since 0.01608s ago] ('S', 'timeseries_id_seq', 'pg_catalog')
2026-02-21 18:48:13,462 [INFO] [sqlalchemy.engine.Engine] DROP SEQUENCE timeseries_id_seq
2026-02-21 18:48:13,462 [INFO] [sqlalchemy.engine.Engine] [no key 0.00033s] ()
2026-02-21 18:48:13,464 [INFO] [sqlalchemy.engine.Engine] SELECT pg_catalog.pg_class.relname 
FROM pg_catalog.pg_class JOIN pg_catalog.pg_namespace ON pg_catalog.pg_namespace.oid = pg_catalog.pg_class.relnamespace 
WHERE pg_catalog.pg_class.relkind = $1::CHAR AND pg_catalog.pg_class.relname = $2::VARCHAR AND pg_catalog.pg_table_is_visible(pg_catalog.pg_class.oid) AND pg_catalog.pg_namespace.nspname != $3::VARCHAR
2026-02-21 18:48:13,465 [INFO] [sqlalchemy.engine.Engine] [cached since 0.02037s ago] ('S', 'timeseries_data_id_seq', 'pg_catalog')
2026-02-21 18:48:13,466 [INFO] [sqlalchemy.engine.Engine] DROP SEQUENCE timeseries_data_id_seq
2026-02-21 18:48:13,467 [INFO] [sqlalchemy.engine.Engine] [no key 0.00026s] ()
2026-02-21 18:48:13,469 [INFO] [sqlalchemy.engine.Engine] SELECT pg_catalog.pg_class.relname 
FROM pg_catalog.pg_class JOIN pg_catalog.pg_namespace ON pg_catalog.pg_namespace.oid = pg_catalog.pg_class.relnamespace 
WHERE pg_catalog.pg_class.relname = $1::VARCHAR AND pg_catalog.pg_class.relkind = ANY (ARRAY[$2::VARCHAR, $3::VARCHAR, $4::VARCHAR, $5::VARCHAR, $6::VARCHAR]) AND pg_catalog.pg_table_is_visible(pg_catalog.pg_class.oid) AND pg_catalog.pg_namespace.nspname != $7::VARCHAR
2026-02-21 18:48:13,469 [INFO] [sqlalchemy.engine.Engine] [cached since 0.03631s ago] ('timeseries', 'r', 'p', 'f', 'v', 'm', 'pg_catalog')
2026-02-21 18:48:13,470 [INFO] [sqlalchemy.engine.Engine] SELECT pg_catalog.pg_class.relname 
FROM pg_catalog.pg_class JOIN pg_catalog.pg_namespace ON pg_catalog.pg_namespace.oid = pg_catalog.pg_class.relnamespace 
WHERE pg_catalog.pg_class.relname = $1::VARCHAR AND pg_catalog.pg_class.relkind = ANY (ARRAY[$2::VARCHAR, $3::VARCHAR, $4::VARCHAR, $5::VARCHAR, $6::VARCHAR]) AND pg_catalog.pg_table_is_visible(pg_catalog.pg_class.oid) AND pg_catalog.pg_namespace.nspname != $7::VARCHAR
2026-02-21 18:48:13,471 [INFO] [sqlalchemy.engine.Engine] [cached since 0.03807s ago] ('timeseries_data', 'r', 'p', 'f', 'v', 'm', 'pg_catalog')
2026-02-21 18:48:13,472 [INFO] [sqlalchemy.engine.Engine] SELECT pg_catalog.pg_class.relname 
FROM pg_catalog.pg_class JOIN pg_catalog.pg_namespace ON pg_catalog.pg_namespace.oid = pg_catalog.pg_class.relnamespace 
WHERE pg_catalog.pg_class.relkind = $1::CHAR AND pg_catalog.pg_class.relname = $2::VARCHAR AND pg_catalog.pg_table_is_visible(pg_catalog.pg_class.oid) AND pg_catalog.pg_namespace.nspname != $3::VARCHAR
2026-02-21 18:48:13,472 [INFO] [sqlalchemy.engine.Engine] [cached since 0.02781s ago] ('S', 'timeseries_id_seq', 'pg_catalog')
2026-02-21 18:48:13,474 [INFO] [sqlalchemy.engine.Engine] CREATE SEQUENCE timeseries_id_seq
2026-02-21 18:48:13,474 [INFO] [sqlalchemy.engine.Engine] [no key 0.00021s] ()
2026-02-21 18:48:13,477 [INFO] [sqlalchemy.engine.Engine] 
CREATE TABLE timeseries (
	id INTEGER NOT NULL, 
	name VARCHAR(50) NOT NULL, 
	description VARCHAR(100), 
	CONSTRAINT pk_timeseries_id PRIMARY KEY (id)
)


2026-02-21 18:48:13,477 [INFO] [sqlalchemy.engine.Engine] [no key 0.00038s] ()
2026-02-21 18:48:13,486 [INFO] [sqlalchemy.engine.Engine] SELECT pg_catalog.pg_class.relname 
FROM pg_catalog.pg_class JOIN pg_catalog.pg_namespace ON pg_catalog.pg_namespace.oid = pg_catalog.pg_class.relnamespace 
WHERE pg_catalog.pg_class.relkind = $1::CHAR AND pg_catalog.pg_class.relname = $2::VARCHAR AND pg_catalog.pg_table_is_visible(pg_catalog.pg_class.oid) AND pg_catalog.pg_namespace.nspname != $3::VARCHAR
2026-02-21 18:48:13,486 [INFO] [sqlalchemy.engine.Engine] [cached since 0.04166s ago] ('S', 'timeseries_data_id_seq', 'pg_catalog')
2026-02-21 18:48:13,488 [INFO] [sqlalchemy.engine.Engine] CREATE SEQUENCE timeseries_data_id_seq
2026-02-21 18:48:13,488 [INFO] [sqlalchemy.engine.Engine] [no key 0.00016s] ()
2026-02-21 18:48:13,490 [INFO] [sqlalchemy.engine.Engine] 
CREATE TABLE timeseries_data (
	id INTEGER NOT NULL, 
	timeseries_id INTEGER NOT NULL, 
	timestamp DATE NOT NULL, 
	value FLOAT NOT NULL, 
	status VARCHAR(1) NOT NULL, 
	created_at TIMESTAMP WITHOUT TIME ZONE NOT NULL, 
	CONSTRAINT pk_timeseries_data_id PRIMARY KEY (id, timestamp), 
	CONSTRAINT fk_timeseries_data_timeseries_id FOREIGN KEY(timeseries_id) REFERENCES timeseries (id)
)


2026-02-21 18:48:13,490 [INFO] [sqlalchemy.engine.Engine] [no key 0.00038s] ()
2026-02-21 18:48:13,497 [INFO] [sqlalchemy.engine.Engine] 
            SELECT create_hypertable(
                'timeseries_data',
                'timestamp',
                chunk_time_interval => INTERVAL '1 day',
                if_not_exists => TRUE
            );
            
2026-02-21 18:48:13,497 [INFO] [sqlalchemy.engine.Engine] [no key 0.00033s] ()
2026-02-21 18:48:13,506 [INFO] [sqlalchemy.engine.Engine] COMMIT
2026-02-21 18:48:26,956 [DEBUG] [src.services.timeseries_service] Created timeseries with ID: None
2026-02-21 18:48:26,958 [INFO] [sqlalchemy.engine.Engine] BEGIN (implicit)
2026-02-21 18:48:26,960 [INFO] [sqlalchemy.engine.Engine] INSERT INTO timeseries (id, name, description) VALUES (nextval('timeseries_id_seq'), $1::VARCHAR, $2::VARCHAR) RETURNING timeseries.id
2026-02-21 18:48:26,960 [INFO] [sqlalchemy.engine.Engine] [generated in 0.00055s] ('timeseries_data', None)
2026-02-21 18:48:26,969 [INFO] [sqlalchemy.engine.Engine] INSERT INTO timeseries_data (id, timeseries_id, timestamp, value, status, created_at) VALUES (nextval('timeseries_data_id_seq'), $1::INTEGER, $2::DATE, $3::FLOAT, $4::VARCHAR, $5::TIMESTAMP WITHOUT TIME ZONE) RETURNING timeseries_data.id
2026-02-21 18:48:26,969 [INFO] [sqlalchemy.engine.Engine] [generated in 0.00027s (insertmanyvalues) 1/96 (ordered; batch not supported)] (None, datetime.datetime(2024, 1, 1, 0, 15), 21.0, <StatusEnum.ERSATZ: 'E'>, datetime.datetime(2026, 2, 21, 18, 48, 13, 338128))
2026-02-21 18:48:27,018 [INFO] [sqlalchemy.engine.Engine] ROLLBACK
2026-02-21 18:50:26,258 [INFO] [sqlalchemy.engine.Engine] select pg_catalog.version()
2026-02-21 18:50:26,258 [INFO] [sqlalchemy.engine.Engine] [raw sql] ()
2026-02-21 18:50:26,264 [INFO] [sqlalchemy.engine.Engine] select current_schema()
2026-02-21 18:50:26,264 [INFO] [sqlalchemy.engine.Engine] [raw sql] ()
2026-02-21 18:50:26,267 [INFO] [sqlalchemy.engine.Engine] show standard_conforming_strings
2026-02-21 18:50:26,267 [INFO] [sqlalchemy.engine.Engine] [raw sql] ()
2026-02-21 18:50:26,268 [INFO] [sqlalchemy.engine.Engine] BEGIN (implicit)
2026-02-21 18:50:26,270 [INFO] [sqlalchemy.engine.Engine] SELECT pg_catalog.pg_class.relname 
FROM pg_catalog.pg_class JOIN pg_catalog.pg_namespace ON pg_catalog.pg_namespace.oid = pg_catalog.pg_class.relnamespace 
WHERE pg_catalog.pg_class.relname = $1::VARCHAR AND pg_catalog.pg_class.relkind = ANY (ARRAY[$2::VARCHAR, $3::VARCHAR, $4::VARCHAR, $5::VARCHAR, $6::VARCHAR]) AND pg_catalog.pg_table_is_visible(pg_catalog.pg_class.oid) AND pg_catalog.pg_namespace.nspname != $7::VARCHAR
2026-02-21 18:50:26,271 [INFO] [sqlalchemy.engine.Engine] [generated in 0.00033s] ('timeseries', 'r', 'p', 'f', 'v', 'm', 'pg_catalog')
2026-02-21 18:50:26,276 [INFO] [sqlalchemy.engine.Engine] SELECT pg_catalog.pg_class.relname 
FROM pg_catalog.pg_class JOIN pg_catalog.pg_namespace ON pg_catalog.pg_namespace.oid = pg_catalog.pg_class.relnamespace 
WHERE pg_catalog.pg_class.relname = $1::VARCHAR AND pg_catalog.pg_class.relkind = ANY (ARRAY[$2::VARCHAR, $3::VARCHAR, $4::VARCHAR, $5::VARCHAR, $6::VARCHAR]) AND pg_catalog.pg_table_is_visible(pg_catalog.pg_class.oid) AND pg_catalog.pg_namespace.nspname != $7::VARCHAR
2026-02-21 18:50:26,276 [INFO] [sqlalchemy.engine.Engine] [cached since 0.00595s ago] ('timeseries_data', 'r', 'p', 'f', 'v', 'm', 'pg_catalog')
2026-02-21 18:50:26,278 [INFO] [sqlalchemy.engine.Engine] SELECT pg_catalog.pg_class.relname 
FROM pg_catalog.pg_class JOIN pg_catalog.pg_namespace ON pg_catalog.pg_namespace.oid = pg_catalog.pg_class.relnamespace 
WHERE pg_catalog.pg_class.relkind = $1::CHAR AND pg_catalog.pg_class.relname = $2::VARCHAR AND pg_catalog.pg_table_is_visible(pg_catalog.pg_class.oid) AND pg_catalog.pg_namespace.nspname != $3::VARCHAR
2026-02-21 18:50:26,278 [INFO] [sqlalchemy.engine.Engine] [generated in 0.00023s] ('S', 'timeseries_id_seq', 'pg_catalog')
2026-02-21 18:50:26,279 [INFO] [sqlalchemy.engine.Engine] SELECT pg_catalog.pg_class.relname 
FROM pg_catalog.pg_class JOIN pg_catalog.pg_namespace ON pg_catalog.pg_namespace.oid = pg_catalog.pg_class.relnamespace 
WHERE pg_catalog.pg_class.relkind = $1::CHAR AND pg_catalog.pg_class.relname = $2::VARCHAR AND pg_catalog.pg_table_is_visible(pg_catalog.pg_class.oid) AND pg_catalog.pg_namespace.nspname != $3::VARCHAR
2026-02-21 18:50:26,280 [INFO] [sqlalchemy.engine.Engine] [cached since 0.001895s ago] ('S', 'timeseries_data_id_seq', 'pg_catalog')
2026-02-21 18:50:26,281 [INFO] [sqlalchemy.engine.Engine] 
DROP TABLE timeseries_data
2026-02-21 18:50:26,281 [INFO] [sqlalchemy.engine.Engine] [no key 0.00017s] ()
2026-02-21 18:50:26,285 [INFO] [sqlalchemy.engine.Engine] 
DROP TABLE timeseries
2026-02-21 18:50:26,285 [INFO] [sqlalchemy.engine.Engine] [no key 0.00026s] ()
2026-02-21 18:50:26,287 [INFO] [sqlalchemy.engine.Engine] SELECT pg_catalog.pg_class.relname 
FROM pg_catalog.pg_class JOIN pg_catalog.pg_namespace ON pg_catalog.pg_namespace.oid = pg_catalog.pg_class.relnamespace 
WHERE pg_catalog.pg_class.relkind = $1::CHAR AND pg_catalog.pg_class.relname = $2::VARCHAR AND pg_catalog.pg_table_is_visible(pg_catalog.pg_class.oid) AND pg_catalog.pg_namespace.nspname != $3::VARCHAR
2026-02-21 18:50:26,288 [INFO] [sqlalchemy.engine.Engine] [cached since 0.009874s ago] ('S', 'timeseries_id_seq', 'pg_catalog')
2026-02-21 18:50:26,289 [INFO] [sqlalchemy.engine.Engine] DROP SEQUENCE timeseries_id_seq
2026-02-21 18:50:26,289 [INFO] [sqlalchemy.engine.Engine] [no key 0.00016s] ()
2026-02-21 18:50:26,291 [INFO] [sqlalchemy.engine.Engine] SELECT pg_catalog.pg_class.relname 
FROM pg_catalog.pg_class JOIN pg_catalog.pg_namespace ON pg_catalog.pg_namespace.oid = pg_catalog.pg_class.relnamespace 
WHERE pg_catalog.pg_class.relkind = $1::CHAR AND pg_catalog.pg_class.relname = $2::VARCHAR AND pg_catalog.pg_table_is_visible(pg_catalog.pg_class.oid) AND pg_catalog.pg_namespace.nspname != $3::VARCHAR
2026-02-21 18:50:26,291 [INFO] [sqlalchemy.engine.Engine] [cached since 0.01298s ago] ('S', 'timeseries_data_id_seq', 'pg_catalog')
2026-02-21 18:50:26,292 [INFO] [sqlalchemy.engine.Engine] DROP SEQUENCE timeseries_data_id_seq
2026-02-21 18:50:26,292 [INFO] [sqlalchemy.engine.Engine] [no key 0.00014s] ()
2026-02-21 18:50:26,293 [INFO] [sqlalchemy.engine.Engine] SELECT pg_catalog.pg_class.relname 
FROM pg_catalog.pg_class JOIN pg_catalog.pg_namespace ON pg_catalog.pg_namespace.oid = pg_catalog.pg_class.relnamespace 
WHERE pg_catalog.pg_class.relname = $1::VARCHAR AND pg_catalog.pg_class.relkind = ANY (ARRAY[$2::VARCHAR, $3::VARCHAR, $4::VARCHAR, $5::VARCHAR, $6::VARCHAR]) AND pg_catalog.pg_table_is_visible(pg_catalog.pg_class.oid) AND pg_catalog.pg_namespace.nspname != $7::VARCHAR
2026-02-21 18:50:26,294 [INFO] [sqlalchemy.engine.Engine] [cached since 0.02309s ago] ('timeseries', 'r', 'p', 'f', 'v', 'm', 'pg_catalog')
2026-02-21 18:50:26,295 [INFO] [sqlalchemy.engine.Engine] SELECT pg_catalog.pg_class.relname 
FROM pg_catalog.pg_class JOIN pg_catalog.pg_namespace ON pg_catalog.pg_namespace.oid = pg_catalog.pg_class.relnamespace 
WHERE pg_catalog.pg_class.relname = $1::VARCHAR AND pg_catalog.pg_class.relkind = ANY (ARRAY[$2::VARCHAR, $3::VARCHAR, $4::VARCHAR, $5::VARCHAR, $6::VARCHAR]) AND pg_catalog.pg_table_is_visible(pg_catalog.pg_class.oid) AND pg_catalog.pg_namespace.nspname != $7::VARCHAR
2026-02-21 18:50:26,295 [INFO] [sqlalchemy.engine.Engine] [cached since 0.02431s ago] ('timeseries_data', 'r', 'p', 'f', 'v', 'm', 'pg_catalog')
2026-02-21 18:50:26,296 [INFO] [sqlalchemy.engine.Engine] SELECT pg_catalog.pg_class.relname 
FROM pg_catalog.pg_class JOIN pg_catalog.pg_namespace ON pg_catalog.pg_namespace.oid = pg_catalog.pg_class.relnamespace 
WHERE pg_catalog.pg_class.relkind = $1::CHAR AND pg_catalog.pg_class.relname = $2::VARCHAR AND pg_catalog.pg_table_is_visible(pg_catalog.pg_class.oid) AND pg_catalog.pg_namespace.nspname != $3::VARCHAR
2026-02-21 18:50:26,296 [INFO] [sqlalchemy.engine.Engine] [cached since 0.01846s ago] ('S', 'timeseries_id_seq', 'pg_catalog')
2026-02-21 18:50:26,298 [INFO] [sqlalchemy.engine.Engine] CREATE SEQUENCE timeseries_id_seq
2026-02-21 18:50:26,298 [INFO] [sqlalchemy.engine.Engine] [no key 0.00018s] ()
2026-02-21 18:50:26,300 [INFO] [sqlalchemy.engine.Engine] 
CREATE TABLE timeseries (
	id INTEGER NOT NULL, 
	name VARCHAR(50) NOT NULL, 
	description VARCHAR(100), 
	CONSTRAINT pk_timeseries_id PRIMARY KEY (id)
)


2026-02-21 18:50:26,301 [INFO] [sqlalchemy.engine.Engine] [no key 0.00042s] ()
2026-02-21 18:50:26,315 [INFO] [sqlalchemy.engine.Engine] SELECT pg_catalog.pg_class.relname 
FROM pg_catalog.pg_class JOIN pg_catalog.pg_namespace ON pg_catalog.pg_namespace.oid = pg_catalog.pg_class.relnamespace 
WHERE pg_catalog.pg_class.relkind = $1::CHAR AND pg_catalog.pg_class.relname = $2::VARCHAR AND pg_catalog.pg_table_is_visible(pg_catalog.pg_class.oid) AND pg_catalog.pg_namespace.nspname != $3::VARCHAR
2026-02-21 18:50:26,315 [INFO] [sqlalchemy.engine.Engine] [cached since 0.03735s ago] ('S', 'timeseries_data_id_seq', 'pg_catalog')
2026-02-21 18:50:26,316 [INFO] [sqlalchemy.engine.Engine] CREATE SEQUENCE timeseries_data_id_seq
2026-02-21 18:50:26,317 [INFO] [sqlalchemy.engine.Engine] [no key 0.00021s] ()
2026-02-21 18:50:26,318 [INFO] [sqlalchemy.engine.Engine] 
CREATE TABLE timeseries_data (
	id INTEGER NOT NULL, 
	timeseries_id INTEGER NOT NULL, 
	timestamp DATE NOT NULL, 
	value FLOAT NOT NULL, 
	status VARCHAR(1) NOT NULL, 
	created_at TIMESTAMP WITHOUT TIME ZONE NOT NULL, 
	CONSTRAINT pk_timeseries_data_id PRIMARY KEY (id, timestamp), 
	CONSTRAINT fk_timeseries_data_timeseries_id FOREIGN KEY(timeseries_id) REFERENCES timeseries (id)
)


2026-02-21 18:50:26,319 [INFO] [sqlalchemy.engine.Engine] [no key 0.00034s] ()
2026-02-21 18:50:26,324 [INFO] [sqlalchemy.engine.Engine] 
            SELECT create_hypertable(
                'timeseries_data',
                'timestamp',
                chunk_time_interval => INTERVAL '1 day',
                if_not_exists => TRUE
            );
            
2026-02-21 18:50:26,324 [INFO] [sqlalchemy.engine.Engine] [no key 0.00027s] ()
2026-02-21 18:50:26,329 [INFO] [sqlalchemy.engine.Engine] COMMIT
2026-02-21 18:50:30,025 [DEBUG] [src.services.timeseries_service] Created timeseries with ID: None
2026-02-21 18:50:30,027 [INFO] [sqlalchemy.engine.Engine] BEGIN (implicit)
2026-02-21 18:50:30,028 [INFO] [sqlalchemy.engine.Engine] INSERT INTO timeseries (id, name, description) VALUES (nextval('timeseries_id_seq'), $1::VARCHAR, $2::VARCHAR) RETURNING timeseries.id
2026-02-21 18:50:30,029 [INFO] [sqlalchemy.engine.Engine] [generated in 0.00037s] ('timeseries_data', None)
2026-02-21 18:50:30,034 [INFO] [sqlalchemy.engine.Engine] INSERT INTO timeseries_data (id, timeseries_id, timestamp, value, status, created_at) VALUES (nextval('timeseries_data_id_seq'), $1::INTEGER, $2::DATE, $3::FLOAT, $4::VARCHAR, $5::TIMESTAMP WITHOUT TIME ZONE) RETURNING timeseries_data.id
2026-02-21 18:50:30,035 [INFO] [sqlalchemy.engine.Engine] [generated in 0.00026s (insertmanyvalues) 1/96 (ordered; batch not supported)] (None, datetime.datetime(2024, 1, 1, 0, 15), 21.0, <StatusEnum.ERSATZ: 'E'>, datetime.datetime(2026, 2, 21, 18, 50, 26, 214930))
2026-02-21 18:50:30,072 [INFO] [sqlalchemy.engine.Engine] ROLLBACK
2026-02-21 18:51:28,093 [INFO] [sqlalchemy.engine.Engine] select pg_catalog.version()
2026-02-21 18:51:28,094 [INFO] [sqlalchemy.engine.Engine] [raw sql] ()
2026-02-21 18:51:28,099 [INFO] [sqlalchemy.engine.Engine] select current_schema()
2026-02-21 18:51:28,099 [INFO] [sqlalchemy.engine.Engine] [raw sql] ()
2026-02-21 18:51:28,101 [INFO] [sqlalchemy.engine.Engine] show standard_conforming_strings
2026-02-21 18:51:28,101 [INFO] [sqlalchemy.engine.Engine] [raw sql] ()
2026-02-21 18:51:28,103 [INFO] [sqlalchemy.engine.Engine] BEGIN (implicit)
2026-02-21 18:51:28,105 [INFO] [sqlalchemy.engine.Engine] SELECT pg_catalog.pg_class.relname 
FROM pg_catalog.pg_class JOIN pg_catalog.pg_namespace ON pg_catalog.pg_namespace.oid = pg_catalog.pg_class.relnamespace 
WHERE pg_catalog.pg_class.relname = $1::VARCHAR AND pg_catalog.pg_class.relkind = ANY (ARRAY[$2::VARCHAR, $3::VARCHAR, $4::VARCHAR, $5::VARCHAR, $6::VARCHAR]) AND pg_catalog.pg_table_is_visible(pg_catalog.pg_class.oid) AND pg_catalog.pg_namespace.nspname != $7::VARCHAR
2026-02-21 18:51:28,105 [INFO] [sqlalchemy.engine.Engine] [generated in 0.00042s] ('timeseries', 'r', 'p', 'f', 'v', 'm', 'pg_catalog')
2026-02-21 18:51:28,111 [INFO] [sqlalchemy.engine.Engine] SELECT pg_catalog.pg_class.relname 
FROM pg_catalog.pg_class JOIN pg_catalog.pg_namespace ON pg_catalog.pg_namespace.oid = pg_catalog.pg_class.relnamespace 
WHERE pg_catalog.pg_class.relname = $1::VARCHAR AND pg_catalog.pg_class.relkind = ANY (ARRAY[$2::VARCHAR, $3::VARCHAR, $4::VARCHAR, $5::VARCHAR, $6::VARCHAR]) AND pg_catalog.pg_table_is_visible(pg_catalog.pg_class.oid) AND pg_catalog.pg_namespace.nspname != $7::VARCHAR
2026-02-21 18:51:28,111 [INFO] [sqlalchemy.engine.Engine] [cached since 0.006076s ago] ('timeseries_data', 'r', 'p', 'f', 'v', 'm', 'pg_catalog')
2026-02-21 18:51:28,112 [INFO] [sqlalchemy.engine.Engine] SELECT pg_catalog.pg_class.relname 
FROM pg_catalog.pg_class JOIN pg_catalog.pg_namespace ON pg_catalog.pg_namespace.oid = pg_catalog.pg_class.relnamespace 
WHERE pg_catalog.pg_class.relkind = $1::CHAR AND pg_catalog.pg_class.relname = $2::VARCHAR AND pg_catalog.pg_table_is_visible(pg_catalog.pg_class.oid) AND pg_catalog.pg_namespace.nspname != $3::VARCHAR
2026-02-21 18:51:28,112 [INFO] [sqlalchemy.engine.Engine] [generated in 0.00027s] ('S', 'timeseries_id_seq', 'pg_catalog')
2026-02-21 18:51:28,114 [INFO] [sqlalchemy.engine.Engine] SELECT pg_catalog.pg_class.relname 
FROM pg_catalog.pg_class JOIN pg_catalog.pg_namespace ON pg_catalog.pg_namespace.oid = pg_catalog.pg_class.relnamespace 
WHERE pg_catalog.pg_class.relkind = $1::CHAR AND pg_catalog.pg_class.relname = $2::VARCHAR AND pg_catalog.pg_table_is_visible(pg_catalog.pg_class.oid) AND pg_catalog.pg_namespace.nspname != $3::VARCHAR
2026-02-21 18:51:28,114 [INFO] [sqlalchemy.engine.Engine] [cached since 0.002003s ago] ('S', 'timeseries_data_id_seq', 'pg_catalog')
2026-02-21 18:51:28,115 [INFO] [sqlalchemy.engine.Engine] 
DROP TABLE timeseries_data
2026-02-21 18:51:28,115 [INFO] [sqlalchemy.engine.Engine] [no key 0.00021s] ()
2026-02-21 18:51:28,120 [INFO] [sqlalchemy.engine.Engine] 
DROP TABLE timeseries
2026-02-21 18:51:28,120 [INFO] [sqlalchemy.engine.Engine] [no key 0.00024s] ()
2026-02-21 18:51:28,122 [INFO] [sqlalchemy.engine.Engine] SELECT pg_catalog.pg_class.relname 
FROM pg_catalog.pg_class JOIN pg_catalog.pg_namespace ON pg_catalog.pg_namespace.oid = pg_catalog.pg_class.relnamespace 
WHERE pg_catalog.pg_class.relkind = $1::CHAR AND pg_catalog.pg_class.relname = $2::VARCHAR AND pg_catalog.pg_table_is_visible(pg_catalog.pg_class.oid) AND pg_catalog.pg_namespace.nspname != $3::VARCHAR
2026-02-21 18:51:28,123 [INFO] [sqlalchemy.engine.Engine] [cached since 0.01039s ago] ('S', 'timeseries_id_seq', 'pg_catalog')
2026-02-21 18:51:28,124 [INFO] [sqlalchemy.engine.Engine] DROP SEQUENCE timeseries_id_seq
2026-02-21 18:51:28,124 [INFO] [sqlalchemy.engine.Engine] [no key 0.00018s] ()
2026-02-21 18:51:28,126 [INFO] [sqlalchemy.engine.Engine] SELECT pg_catalog.pg_class.relname 
FROM pg_catalog.pg_class JOIN pg_catalog.pg_namespace ON pg_catalog.pg_namespace.oid = pg_catalog.pg_class.relnamespace 
WHERE pg_catalog.pg_class.relkind = $1::CHAR AND pg_catalog.pg_class.relname = $2::VARCHAR AND pg_catalog.pg_table_is_visible(pg_catalog.pg_class.oid) AND pg_catalog.pg_namespace.nspname != $3::VARCHAR
2026-02-21 18:51:28,126 [INFO] [sqlalchemy.engine.Engine] [cached since 0.01364s ago] ('S', 'timeseries_data_id_seq', 'pg_catalog')
2026-02-21 18:51:28,127 [INFO] [sqlalchemy.engine.Engine] DROP SEQUENCE timeseries_data_id_seq
2026-02-21 18:51:28,127 [INFO] [sqlalchemy.engine.Engine] [no key 0.00014s] ()
2026-02-21 18:51:28,129 [INFO] [sqlalchemy.engine.Engine] SELECT pg_catalog.pg_class.relname 
FROM pg_catalog.pg_class JOIN pg_catalog.pg_namespace ON pg_catalog.pg_namespace.oid = pg_catalog.pg_class.relnamespace 
WHERE pg_catalog.pg_class.relname = $1::VARCHAR AND pg_catalog.pg_class.relkind = ANY (ARRAY[$2::VARCHAR, $3::VARCHAR, $4::VARCHAR, $5::VARCHAR, $6::VARCHAR]) AND pg_catalog.pg_table_is_visible(pg_catalog.pg_class.oid) AND pg_catalog.pg_namespace.nspname != $7::VARCHAR
2026-02-21 18:51:28,129 [INFO] [sqlalchemy.engine.Engine] [cached since 0.02471s ago] ('timeseries', 'r', 'p', 'f', 'v', 'm', 'pg_catalog')
2026-02-21 18:51:28,131 [INFO] [sqlalchemy.engine.Engine] SELECT pg_catalog.pg_class.relname 
FROM pg_catalog.pg_class JOIN pg_catalog.pg_namespace ON pg_catalog.pg_namespace.oid = pg_catalog.pg_class.relnamespace 
WHERE pg_catalog.pg_class.relname = $1::VARCHAR AND pg_catalog.pg_class.relkind = ANY (ARRAY[$2::VARCHAR, $3::VARCHAR, $4::VARCHAR, $5::VARCHAR, $6::VARCHAR]) AND pg_catalog.pg_table_is_visible(pg_catalog.pg_class.oid) AND pg_catalog.pg_namespace.nspname != $7::VARCHAR
2026-02-21 18:51:28,131 [INFO] [sqlalchemy.engine.Engine] [cached since 0.02612s ago] ('timeseries_data', 'r', 'p', 'f', 'v', 'm', 'pg_catalog')
2026-02-21 18:51:28,132 [INFO] [sqlalchemy.engine.Engine] SELECT pg_catalog.pg_class.relname 
FROM pg_catalog.pg_class JOIN pg_catalog.pg_namespace ON pg_catalog.pg_namespace.oid = pg_catalog.pg_class.relnamespace 
WHERE pg_catalog.pg_class.relkind = $1::CHAR AND pg_catalog.pg_class.relname = $2::VARCHAR AND pg_catalog.pg_table_is_visible(pg_catalog.pg_class.oid) AND pg_catalog.pg_namespace.nspname != $3::VARCHAR
2026-02-21 18:51:28,132 [INFO] [sqlalchemy.engine.Engine] [cached since 0.01992s ago] ('S', 'timeseries_id_seq', 'pg_catalog')
2026-02-21 18:51:28,134 [INFO] [sqlalchemy.engine.Engine] CREATE SEQUENCE timeseries_id_seq
2026-02-21 18:51:28,134 [INFO] [sqlalchemy.engine.Engine] [no key 0.00020s] ()
2026-02-21 18:51:28,136 [INFO] [sqlalchemy.engine.Engine] 
CREATE TABLE timeseries (
	id INTEGER NOT NULL, 
	name VARCHAR(50) NOT NULL, 
	description VARCHAR(100), 
	CONSTRAINT pk_timeseries_id PRIMARY KEY (id)
)


2026-02-21 18:51:28,137 [INFO] [sqlalchemy.engine.Engine] [no key 0.00039s] ()
2026-02-21 18:51:28,152 [INFO] [sqlalchemy.engine.Engine] SELECT pg_catalog.pg_class.relname 
FROM pg_catalog.pg_class JOIN pg_catalog.pg_namespace ON pg_catalog.pg_namespace.oid = pg_catalog.pg_class.relnamespace 
WHERE pg_catalog.pg_class.relkind = $1::CHAR AND pg_catalog.pg_class.relname = $2::VARCHAR AND pg_catalog.pg_table_is_visible(pg_catalog.pg_class.oid) AND pg_catalog.pg_namespace.nspname != $3::VARCHAR
2026-02-21 18:51:28,152 [INFO] [sqlalchemy.engine.Engine] [cached since 0.04027s ago] ('S', 'timeseries_data_id_seq', 'pg_catalog')
2026-02-21 18:51:28,154 [INFO] [sqlalchemy.engine.Engine] CREATE SEQUENCE timeseries_data_id_seq
2026-02-21 18:51:28,154 [INFO] [sqlalchemy.engine.Engine] [no key 0.00016s] ()
2026-02-21 18:51:28,156 [INFO] [sqlalchemy.engine.Engine] 
CREATE TABLE timeseries_data (
	id INTEGER NOT NULL, 
	timeseries_id INTEGER NOT NULL, 
	timestamp DATE NOT NULL, 
	value FLOAT NOT NULL, 
	status VARCHAR(1) NOT NULL, 
	created_at TIMESTAMP WITHOUT TIME ZONE NOT NULL, 
	CONSTRAINT pk_timeseries_data_id PRIMARY KEY (id, timestamp), 
	CONSTRAINT fk_timeseries_data_timeseries_id FOREIGN KEY(timeseries_id) REFERENCES timeseries (id)
)


2026-02-21 18:51:28,156 [INFO] [sqlalchemy.engine.Engine] [no key 0.00033s] ()
2026-02-21 18:51:28,161 [INFO] [sqlalchemy.engine.Engine] 
            SELECT create_hypertable(
                'timeseries_data',
                'timestamp',
                chunk_time_interval => INTERVAL '1 day',
                if_not_exists => TRUE
            );
            
2026-02-21 18:51:28,162 [INFO] [sqlalchemy.engine.Engine] [no key 0.00037s] ()
2026-02-21 18:51:28,167 [INFO] [sqlalchemy.engine.Engine] COMMIT
2026-02-21 18:51:32,157 [DEBUG] [src.services.timeseries_service] Created timeseries with ID: None
2026-02-21 18:51:32,158 [INFO] [sqlalchemy.engine.Engine] BEGIN (implicit)
2026-02-21 18:51:32,160 [INFO] [sqlalchemy.engine.Engine] INSERT INTO timeseries (id, name, description) VALUES (nextval('timeseries_id_seq'), $1::VARCHAR, $2::VARCHAR) RETURNING timeseries.id
2026-02-21 18:51:32,160 [INFO] [sqlalchemy.engine.Engine] [generated in 0.00038s] ('timeseries_data', None)
2026-02-21 18:51:32,166 [INFO] [sqlalchemy.engine.Engine] INSERT INTO timeseries_data (id, timeseries_id, timestamp, value, status, created_at) VALUES (nextval('timeseries_data_id_seq'), $1::INTEGER, $2::DATE, $3::FLOAT, $4::VARCHAR, $5::TIMESTAMP WITHOUT TIME ZONE) RETURNING timeseries_data.id
2026-02-21 18:51:32,168 [INFO] [sqlalchemy.engine.Engine] [generated in 0.00024s (insertmanyvalues) 1/96 (ordered; batch not supported)] (None, datetime.datetime(2024, 1, 1, 0, 15), 21.0, <StatusEnum.ERSATZ: 'E'>, datetime.datetime(2026, 2, 21, 18, 51, 28, 49509))
2026-02-21 18:51:32,208 [INFO] [sqlalchemy.engine.Engine] ROLLBACK
2026-02-21 18:53:37,041 [INFO] [sqlalchemy.engine.Engine] select pg_catalog.version()
2026-02-21 18:53:37,042 [INFO] [sqlalchemy.engine.Engine] [raw sql] ()
2026-02-21 18:53:37,047 [INFO] [sqlalchemy.engine.Engine] select current_schema()
2026-02-21 18:53:37,048 [INFO] [sqlalchemy.engine.Engine] [raw sql] ()
2026-02-21 18:53:37,050 [INFO] [sqlalchemy.engine.Engine] show standard_conforming_strings
2026-02-21 18:53:37,050 [INFO] [sqlalchemy.engine.Engine] [raw sql] ()
2026-02-21 18:53:37,052 [INFO] [sqlalchemy.engine.Engine] BEGIN (implicit)
2026-02-21 18:53:37,054 [INFO] [sqlalchemy.engine.Engine] SELECT pg_catalog.pg_class.relname 
FROM pg_catalog.pg_class JOIN pg_catalog.pg_namespace ON pg_catalog.pg_namespace.oid = pg_catalog.pg_class.relnamespace 
WHERE pg_catalog.pg_class.relname = $1::VARCHAR AND pg_catalog.pg_class.relkind = ANY (ARRAY[$2::VARCHAR, $3::VARCHAR, $4::VARCHAR, $5::VARCHAR, $6::VARCHAR]) AND pg_catalog.pg_table_is_visible(pg_catalog.pg_class.oid) AND pg_catalog.pg_namespace.nspname != $7::VARCHAR
2026-02-21 18:53:37,054 [INFO] [sqlalchemy.engine.Engine] [generated in 0.00032s] ('timeseries', 'r', 'p', 'f', 'v', 'm', 'pg_catalog')
2026-02-21 18:53:37,060 [INFO] [sqlalchemy.engine.Engine] SELECT pg_catalog.pg_class.relname 
FROM pg_catalog.pg_class JOIN pg_catalog.pg_namespace ON pg_catalog.pg_namespace.oid = pg_catalog.pg_class.relnamespace 
WHERE pg_catalog.pg_class.relname = $1::VARCHAR AND pg_catalog.pg_class.relkind = ANY (ARRAY[$2::VARCHAR, $3::VARCHAR, $4::VARCHAR, $5::VARCHAR, $6::VARCHAR]) AND pg_catalog.pg_table_is_visible(pg_catalog.pg_class.oid) AND pg_catalog.pg_namespace.nspname != $7::VARCHAR
2026-02-21 18:53:37,060 [INFO] [sqlalchemy.engine.Engine] [cached since 0.005978s ago] ('timeseries_data', 'r', 'p', 'f', 'v', 'm', 'pg_catalog')
2026-02-21 18:53:37,061 [INFO] [sqlalchemy.engine.Engine] SELECT pg_catalog.pg_class.relname 
FROM pg_catalog.pg_class JOIN pg_catalog.pg_namespace ON pg_catalog.pg_namespace.oid = pg_catalog.pg_class.relnamespace 
WHERE pg_catalog.pg_class.relkind = $1::CHAR AND pg_catalog.pg_class.relname = $2::VARCHAR AND pg_catalog.pg_table_is_visible(pg_catalog.pg_class.oid) AND pg_catalog.pg_namespace.nspname != $3::VARCHAR
2026-02-21 18:53:37,061 [INFO] [sqlalchemy.engine.Engine] [generated in 0.00023s] ('S', 'timeseries_id_seq', 'pg_catalog')
2026-02-21 18:53:37,063 [INFO] [sqlalchemy.engine.Engine] SELECT pg_catalog.pg_class.relname 
FROM pg_catalog.pg_class JOIN pg_catalog.pg_namespace ON pg_catalog.pg_namespace.oid = pg_catalog.pg_class.relnamespace 
WHERE pg_catalog.pg_class.relkind = $1::CHAR AND pg_catalog.pg_class.relname = $2::VARCHAR AND pg_catalog.pg_table_is_visible(pg_catalog.pg_class.oid) AND pg_catalog.pg_namespace.nspname != $3::VARCHAR
2026-02-21 18:53:37,063 [INFO] [sqlalchemy.engine.Engine] [cached since 0.002181s ago] ('S', 'timeseries_data_id_seq', 'pg_catalog')
2026-02-21 18:53:37,064 [INFO] [sqlalchemy.engine.Engine] 
DROP TABLE timeseries_data
2026-02-21 18:53:37,065 [INFO] [sqlalchemy.engine.Engine] [no key 0.00042s] ()
2026-02-21 18:53:37,070 [INFO] [sqlalchemy.engine.Engine] 
DROP TABLE timeseries
2026-02-21 18:53:37,070 [INFO] [sqlalchemy.engine.Engine] [no key 0.00025s] ()
2026-02-21 18:53:37,072 [INFO] [sqlalchemy.engine.Engine] SELECT pg_catalog.pg_class.relname 
FROM pg_catalog.pg_class JOIN pg_catalog.pg_namespace ON pg_catalog.pg_namespace.oid = pg_catalog.pg_class.relnamespace 
WHERE pg_catalog.pg_class.relkind = $1::CHAR AND pg_catalog.pg_class.relname = $2::VARCHAR AND pg_catalog.pg_table_is_visible(pg_catalog.pg_class.oid) AND pg_catalog.pg_namespace.nspname != $3::VARCHAR
2026-02-21 18:53:37,072 [INFO] [sqlalchemy.engine.Engine] [cached since 0.01134s ago] ('S', 'timeseries_id_seq', 'pg_catalog')
2026-02-21 18:53:37,074 [INFO] [sqlalchemy.engine.Engine] DROP SEQUENCE timeseries_id_seq
2026-02-21 18:53:37,074 [INFO] [sqlalchemy.engine.Engine] [no key 0.00017s] ()
2026-02-21 18:53:37,076 [INFO] [sqlalchemy.engine.Engine] SELECT pg_catalog.pg_class.relname 
FROM pg_catalog.pg_class JOIN pg_catalog.pg_namespace ON pg_catalog.pg_namespace.oid = pg_catalog.pg_class.relnamespace 
WHERE pg_catalog.pg_class.relkind = $1::CHAR AND pg_catalog.pg_class.relname = $2::VARCHAR AND pg_catalog.pg_table_is_visible(pg_catalog.pg_class.oid) AND pg_catalog.pg_namespace.nspname != $3::VARCHAR
2026-02-21 18:53:37,076 [INFO] [sqlalchemy.engine.Engine] [cached since 0.01475s ago] ('S', 'timeseries_data_id_seq', 'pg_catalog')
2026-02-21 18:53:37,077 [INFO] [sqlalchemy.engine.Engine] DROP SEQUENCE timeseries_data_id_seq
2026-02-21 18:53:37,077 [INFO] [sqlalchemy.engine.Engine] [no key 0.00017s] ()
2026-02-21 18:53:37,079 [INFO] [sqlalchemy.engine.Engine] SELECT pg_catalog.pg_class.relname 
FROM pg_catalog.pg_class JOIN pg_catalog.pg_namespace ON pg_catalog.pg_namespace.oid = pg_catalog.pg_class.relnamespace 
WHERE pg_catalog.pg_class.relname = $1::VARCHAR AND pg_catalog.pg_class.relkind = ANY (ARRAY[$2::VARCHAR, $3::VARCHAR, $4::VARCHAR, $5::VARCHAR, $6::VARCHAR]) AND pg_catalog.pg_table_is_visible(pg_catalog.pg_class.oid) AND pg_catalog.pg_namespace.nspname != $7::VARCHAR
2026-02-21 18:53:37,079 [INFO] [sqlalchemy.engine.Engine] [cached since 0.02541s ago] ('timeseries', 'r', 'p', 'f', 'v', 'm', 'pg_catalog')
2026-02-21 18:53:37,081 [INFO] [sqlalchemy.engine.Engine] SELECT pg_catalog.pg_class.relname 
FROM pg_catalog.pg_class JOIN pg_catalog.pg_namespace ON pg_catalog.pg_namespace.oid = pg_catalog.pg_class.relnamespace 
WHERE pg_catalog.pg_class.relname = $1::VARCHAR AND pg_catalog.pg_class.relkind = ANY (ARRAY[$2::VARCHAR, $3::VARCHAR, $4::VARCHAR, $5::VARCHAR, $6::VARCHAR]) AND pg_catalog.pg_table_is_visible(pg_catalog.pg_class.oid) AND pg_catalog.pg_namespace.nspname != $7::VARCHAR
2026-02-21 18:53:37,081 [INFO] [sqlalchemy.engine.Engine] [cached since 0.02718s ago] ('timeseries_data', 'r', 'p', 'f', 'v', 'm', 'pg_catalog')
2026-02-21 18:53:37,082 [INFO] [sqlalchemy.engine.Engine] SELECT pg_catalog.pg_class.relname 
FROM pg_catalog.pg_class JOIN pg_catalog.pg_namespace ON pg_catalog.pg_namespace.oid = pg_catalog.pg_class.relnamespace 
WHERE pg_catalog.pg_class.relkind = $1::CHAR AND pg_catalog.pg_class.relname = $2::VARCHAR AND pg_catalog.pg_table_is_visible(pg_catalog.pg_class.oid) AND pg_catalog.pg_namespace.nspname != $3::VARCHAR
2026-02-21 18:53:37,082 [INFO] [sqlalchemy.engine.Engine] [cached since 0.02132s ago] ('S', 'timeseries_id_seq', 'pg_catalog')
2026-02-21 18:53:37,084 [INFO] [sqlalchemy.engine.Engine] CREATE SEQUENCE timeseries_id_seq
2026-02-21 18:53:37,084 [INFO] [sqlalchemy.engine.Engine] [no key 0.00019s] ()
2026-02-21 18:53:37,086 [INFO] [sqlalchemy.engine.Engine] 
CREATE TABLE timeseries (
	id INTEGER NOT NULL, 
	name VARCHAR(50) NOT NULL, 
	description VARCHAR(100), 
	CONSTRAINT pk_timeseries_id PRIMARY KEY (id)
)


2026-02-21 18:53:37,086 [INFO] [sqlalchemy.engine.Engine] [no key 0.00035s] ()
2026-02-21 18:53:37,092 [INFO] [sqlalchemy.engine.Engine] SELECT pg_catalog.pg_class.relname 
FROM pg_catalog.pg_class JOIN pg_catalog.pg_namespace ON pg_catalog.pg_namespace.oid = pg_catalog.pg_class.relnamespace 
WHERE pg_catalog.pg_class.relkind = $1::CHAR AND pg_catalog.pg_class.relname = $2::VARCHAR AND pg_catalog.pg_table_is_visible(pg_catalog.pg_class.oid) AND pg_catalog.pg_namespace.nspname != $3::VARCHAR
2026-02-21 18:53:37,092 [INFO] [sqlalchemy.engine.Engine] [cached since 0.0308s ago] ('S', 'timeseries_data_id_seq', 'pg_catalog')
2026-02-21 18:53:37,093 [INFO] [sqlalchemy.engine.Engine] CREATE SEQUENCE timeseries_data_id_seq
2026-02-21 18:53:37,093 [INFO] [sqlalchemy.engine.Engine] [no key 0.00017s] ()
2026-02-21 18:53:37,095 [INFO] [sqlalchemy.engine.Engine] 
CREATE TABLE timeseries_data (
	id INTEGER NOT NULL, 
	timeseries_id INTEGER NOT NULL, 
	timestamp DATE NOT NULL, 
	value FLOAT NOT NULL, 
	status VARCHAR(1) NOT NULL, 
	created_at TIMESTAMP WITHOUT TIME ZONE NOT NULL, 
	CONSTRAINT pk_timeseries_data_id PRIMARY KEY (id, timestamp), 
	CONSTRAINT fk_timeseries_data_timeseries_id FOREIGN KEY(timeseries_id) REFERENCES timeseries (id)
)


2026-02-21 18:53:37,095 [INFO] [sqlalchemy.engine.Engine] [no key 0.00031s] ()
2026-02-21 18:53:37,101 [INFO] [sqlalchemy.engine.Engine] 
            SELECT create_hypertable(
                'timeseries_data',
                'timestamp',
                chunk_time_interval => INTERVAL '1 day',
                if_not_exists => TRUE
            );
            
2026-02-21 18:53:37,102 [INFO] [sqlalchemy.engine.Engine] [no key 0.00046s] ()
2026-02-21 18:53:37,107 [INFO] [sqlalchemy.engine.Engine] COMMIT
2026-02-21 18:53:50,467 [INFO] [sqlalchemy.engine.Engine] select pg_catalog.version()
2026-02-21 18:53:50,467 [INFO] [sqlalchemy.engine.Engine] [raw sql] ()
2026-02-21 18:53:50,473 [INFO] [sqlalchemy.engine.Engine] select current_schema()
2026-02-21 18:53:50,473 [INFO] [sqlalchemy.engine.Engine] [raw sql] ()
2026-02-21 18:53:50,475 [INFO] [sqlalchemy.engine.Engine] show standard_conforming_strings
2026-02-21 18:53:50,475 [INFO] [sqlalchemy.engine.Engine] [raw sql] ()
2026-02-21 18:53:50,476 [INFO] [sqlalchemy.engine.Engine] BEGIN (implicit)
2026-02-21 18:53:50,478 [INFO] [sqlalchemy.engine.Engine] SELECT pg_catalog.pg_class.relname 
FROM pg_catalog.pg_class JOIN pg_catalog.pg_namespace ON pg_catalog.pg_namespace.oid = pg_catalog.pg_class.relnamespace 
WHERE pg_catalog.pg_class.relname = $1::VARCHAR AND pg_catalog.pg_class.relkind = ANY (ARRAY[$2::VARCHAR, $3::VARCHAR, $4::VARCHAR, $5::VARCHAR, $6::VARCHAR]) AND pg_catalog.pg_table_is_visible(pg_catalog.pg_class.oid) AND pg_catalog.pg_namespace.nspname != $7::VARCHAR
2026-02-21 18:53:50,478 [INFO] [sqlalchemy.engine.Engine] [generated in 0.00035s] ('timeseries', 'r', 'p', 'f', 'v', 'm', 'pg_catalog')
2026-02-21 18:53:50,484 [INFO] [sqlalchemy.engine.Engine] SELECT pg_catalog.pg_class.relname 
FROM pg_catalog.pg_class JOIN pg_catalog.pg_namespace ON pg_catalog.pg_namespace.oid = pg_catalog.pg_class.relnamespace 
WHERE pg_catalog.pg_class.relname = $1::VARCHAR AND pg_catalog.pg_class.relkind = ANY (ARRAY[$2::VARCHAR, $3::VARCHAR, $4::VARCHAR, $5::VARCHAR, $6::VARCHAR]) AND pg_catalog.pg_table_is_visible(pg_catalog.pg_class.oid) AND pg_catalog.pg_namespace.nspname != $7::VARCHAR
2026-02-21 18:53:50,484 [INFO] [sqlalchemy.engine.Engine] [cached since 0.006316s ago] ('timeseries_data', 'r', 'p', 'f', 'v', 'm', 'pg_catalog')
2026-02-21 18:53:50,486 [INFO] [sqlalchemy.engine.Engine] SELECT pg_catalog.pg_class.relname 
FROM pg_catalog.pg_class JOIN pg_catalog.pg_namespace ON pg_catalog.pg_namespace.oid = pg_catalog.pg_class.relnamespace 
WHERE pg_catalog.pg_class.relkind = $1::CHAR AND pg_catalog.pg_class.relname = $2::VARCHAR AND pg_catalog.pg_table_is_visible(pg_catalog.pg_class.oid) AND pg_catalog.pg_namespace.nspname != $3::VARCHAR
2026-02-21 18:53:50,486 [INFO] [sqlalchemy.engine.Engine] [generated in 0.00028s] ('S', 'timeseries_id_seq', 'pg_catalog')
2026-02-21 18:53:50,487 [INFO] [sqlalchemy.engine.Engine] SELECT pg_catalog.pg_class.relname 
FROM pg_catalog.pg_class JOIN pg_catalog.pg_namespace ON pg_catalog.pg_namespace.oid = pg_catalog.pg_class.relnamespace 
WHERE pg_catalog.pg_class.relkind = $1::CHAR AND pg_catalog.pg_class.relname = $2::VARCHAR AND pg_catalog.pg_table_is_visible(pg_catalog.pg_class.oid) AND pg_catalog.pg_namespace.nspname != $3::VARCHAR
2026-02-21 18:53:50,488 [INFO] [sqlalchemy.engine.Engine] [cached since 0.002006s ago] ('S', 'timeseries_data_id_seq', 'pg_catalog')
2026-02-21 18:53:50,488 [INFO] [sqlalchemy.engine.Engine] 
DROP TABLE timeseries_data
2026-02-21 18:53:50,489 [INFO] [sqlalchemy.engine.Engine] [no key 0.00015s] ()
2026-02-21 18:53:50,493 [INFO] [sqlalchemy.engine.Engine] 
DROP TABLE timeseries
2026-02-21 18:53:50,493 [INFO] [sqlalchemy.engine.Engine] [no key 0.00021s] ()
2026-02-21 18:53:50,495 [INFO] [sqlalchemy.engine.Engine] SELECT pg_catalog.pg_class.relname 
FROM pg_catalog.pg_class JOIN pg_catalog.pg_namespace ON pg_catalog.pg_namespace.oid = pg_catalog.pg_class.relnamespace 
WHERE pg_catalog.pg_class.relkind = $1::CHAR AND pg_catalog.pg_class.relname = $2::VARCHAR AND pg_catalog.pg_table_is_visible(pg_catalog.pg_class.oid) AND pg_catalog.pg_namespace.nspname != $3::VARCHAR
2026-02-21 18:53:50,495 [INFO] [sqlalchemy.engine.Engine] [cached since 0.009414s ago] ('S', 'timeseries_id_seq', 'pg_catalog')
2026-02-21 18:53:50,497 [INFO] [sqlalchemy.engine.Engine] DROP SEQUENCE timeseries_id_seq
2026-02-21 18:53:50,498 [INFO] [sqlalchemy.engine.Engine] [no key 0.00024s] ()
2026-02-21 18:53:50,499 [INFO] [sqlalchemy.engine.Engine] SELECT pg_catalog.pg_class.relname 
FROM pg_catalog.pg_class JOIN pg_catalog.pg_namespace ON pg_catalog.pg_namespace.oid = pg_catalog.pg_class.relnamespace 
WHERE pg_catalog.pg_class.relkind = $1::CHAR AND pg_catalog.pg_class.relname = $2::VARCHAR AND pg_catalog.pg_table_is_visible(pg_catalog.pg_class.oid) AND pg_catalog.pg_namespace.nspname != $3::VARCHAR
2026-02-21 18:53:50,499 [INFO] [sqlalchemy.engine.Engine] [cached since 0.01387s ago] ('S', 'timeseries_data_id_seq', 'pg_catalog')
2026-02-21 18:53:50,501 [INFO] [sqlalchemy.engine.Engine] DROP SEQUENCE timeseries_data_id_seq
2026-02-21 18:53:50,501 [INFO] [sqlalchemy.engine.Engine] [no key 0.00018s] ()
2026-02-21 18:53:50,502 [INFO] [sqlalchemy.engine.Engine] SELECT pg_catalog.pg_class.relname 
FROM pg_catalog.pg_class JOIN pg_catalog.pg_namespace ON pg_catalog.pg_namespace.oid = pg_catalog.pg_class.relnamespace 
WHERE pg_catalog.pg_class.relname = $1::VARCHAR AND pg_catalog.pg_class.relkind = ANY (ARRAY[$2::VARCHAR, $3::VARCHAR, $4::VARCHAR, $5::VARCHAR, $6::VARCHAR]) AND pg_catalog.pg_table_is_visible(pg_catalog.pg_class.oid) AND pg_catalog.pg_namespace.nspname != $7::VARCHAR
2026-02-21 18:53:50,502 [INFO] [sqlalchemy.engine.Engine] [cached since 0.02444s ago] ('timeseries', 'r', 'p', 'f', 'v', 'm', 'pg_catalog')
2026-02-21 18:53:50,503 [INFO] [sqlalchemy.engine.Engine] SELECT pg_catalog.pg_class.relname 
FROM pg_catalog.pg_class JOIN pg_catalog.pg_namespace ON pg_catalog.pg_namespace.oid = pg_catalog.pg_class.relnamespace 
WHERE pg_catalog.pg_class.relname = $1::VARCHAR AND pg_catalog.pg_class.relkind = ANY (ARRAY[$2::VARCHAR, $3::VARCHAR, $4::VARCHAR, $5::VARCHAR, $6::VARCHAR]) AND pg_catalog.pg_table_is_visible(pg_catalog.pg_class.oid) AND pg_catalog.pg_namespace.nspname != $7::VARCHAR
2026-02-21 18:53:50,503 [INFO] [sqlalchemy.engine.Engine] [cached since 0.02568s ago] ('timeseries_data', 'r', 'p', 'f', 'v', 'm', 'pg_catalog')
2026-02-21 18:53:50,504 [INFO] [sqlalchemy.engine.Engine] SELECT pg_catalog.pg_class.relname 
FROM pg_catalog.pg_class JOIN pg_catalog.pg_namespace ON pg_catalog.pg_namespace.oid = pg_catalog.pg_class.relnamespace 
WHERE pg_catalog.pg_class.relkind = $1::CHAR AND pg_catalog.pg_class.relname = $2::VARCHAR AND pg_catalog.pg_table_is_visible(pg_catalog.pg_class.oid) AND pg_catalog.pg_namespace.nspname != $3::VARCHAR
2026-02-21 18:53:50,505 [INFO] [sqlalchemy.engine.Engine] [cached since 0.01895s ago] ('S', 'timeseries_id_seq', 'pg_catalog')
2026-02-21 18:53:50,506 [INFO] [sqlalchemy.engine.Engine] CREATE SEQUENCE timeseries_id_seq
2026-02-21 18:53:50,506 [INFO] [sqlalchemy.engine.Engine] [no key 0.00017s] ()
2026-02-21 18:53:50,508 [INFO] [sqlalchemy.engine.Engine] 
CREATE TABLE timeseries (
	id INTEGER NOT NULL, 
	name VARCHAR(50) NOT NULL, 
	description VARCHAR(100), 
	CONSTRAINT pk_timeseries_id PRIMARY KEY (id)
)


2026-02-21 18:53:50,508 [INFO] [sqlalchemy.engine.Engine] [no key 0.00028s] ()
2026-02-21 18:53:50,514 [INFO] [sqlalchemy.engine.Engine] SELECT pg_catalog.pg_class.relname 
FROM pg_catalog.pg_class JOIN pg_catalog.pg_namespace ON pg_catalog.pg_namespace.oid = pg_catalog.pg_class.relnamespace 
WHERE pg_catalog.pg_class.relkind = $1::CHAR AND pg_catalog.pg_class.relname = $2::VARCHAR AND pg_catalog.pg_table_is_visible(pg_catalog.pg_class.oid) AND pg_catalog.pg_namespace.nspname != $3::VARCHAR
2026-02-21 18:53:50,514 [INFO] [sqlalchemy.engine.Engine] [cached since 0.02825s ago] ('S', 'timeseries_data_id_seq', 'pg_catalog')
2026-02-21 18:53:50,516 [INFO] [sqlalchemy.engine.Engine] CREATE SEQUENCE timeseries_data_id_seq
2026-02-21 18:53:50,516 [INFO] [sqlalchemy.engine.Engine] [no key 0.00024s] ()
2026-02-21 18:53:50,518 [INFO] [sqlalchemy.engine.Engine] 
CREATE TABLE timeseries_data (
	id INTEGER NOT NULL, 
	timeseries_id INTEGER NOT NULL, 
	timestamp DATE NOT NULL, 
	value FLOAT NOT NULL, 
	status VARCHAR(1) NOT NULL, 
	created_at TIMESTAMP WITHOUT TIME ZONE NOT NULL, 
	CONSTRAINT pk_timeseries_data_id PRIMARY KEY (id, timestamp), 
	CONSTRAINT fk_timeseries_data_timeseries_id FOREIGN KEY(timeseries_id) REFERENCES timeseries (id)
)


2026-02-21 18:53:50,518 [INFO] [sqlalchemy.engine.Engine] [no key 0.00041s] ()
2026-02-21 18:53:50,524 [INFO] [sqlalchemy.engine.Engine] 
            SELECT create_hypertable(
                'timeseries_data',
                'timestamp',
                chunk_time_interval => INTERVAL '1 day',
                if_not_exists => TRUE
            );
            
2026-02-21 18:53:50,524 [INFO] [sqlalchemy.engine.Engine] [no key 0.00028s] ()
2026-02-21 18:53:50,529 [INFO] [sqlalchemy.engine.Engine] COMMIT
2026-02-21 18:53:54,600 [INFO] [sqlalchemy.engine.Engine] BEGIN (implicit)
2026-02-21 18:53:54,601 [INFO] [sqlalchemy.engine.Engine] INSERT INTO timeseries (id, name, description) VALUES (nextval('timeseries_id_seq'), $1::VARCHAR, $2::VARCHAR) RETURNING timeseries.id
2026-02-21 18:53:54,602 [INFO] [sqlalchemy.engine.Engine] [generated in 0.00041s] ('timeseries_data', None)
2026-02-21 18:53:54,608 [DEBUG] [src.services.timeseries_service] Created timeseries with ID: 1
2026-02-21 18:53:54,612 [INFO] [sqlalchemy.engine.Engine] INSERT INTO timeseries_data (id, timeseries_id, timestamp, value, status, created_at) VALUES (nextval('timeseries_data_id_seq'), $1::INTEGER, $2::DATE, $3::FLOAT, $4::VARCHAR, $5::TIMESTAMP WITHOUT TIME ZONE) RETURNING timeseries_data.id
2026-02-21 18:53:54,612 [INFO] [sqlalchemy.engine.Engine] [generated in 0.00031s (insertmanyvalues) 1/96 (ordered; batch not supported)] (1, datetime.datetime(2024, 1, 1, 0, 15), 21.0, <StatusEnum.ERSATZ: 'E'>, datetime.datetime(2026, 2, 21, 18, 53, 50, 420324))
2026-02-21 18:53:54,636 [INFO] [sqlalchemy.engine.Engine] INSERT INTO timeseries_data (id, timeseries_id, timestamp, value, status, created_at) VALUES (nextval('timeseries_data_id_seq'), $1::INTEGER, $2::DATE, $3::FLOAT, $4::VARCHAR, $5::TIMESTAMP WITHOUT TIME ZONE) RETURNING timeseries_data.id
2026-02-21 18:53:54,637 [INFO] [sqlalchemy.engine.Engine] [insertmanyvalues 2/96 (ordered; batch not supported)] (1, datetime.datetime(2024, 1, 1, 0, 30), 3.0, <StatusEnum.VORLAEUFIG: 'V'>, datetime.datetime(2026, 2, 21, 18, 53, 50, 420324))
2026-02-21 18:53:54,639 [INFO] [sqlalchemy.engine.Engine] INSERT INTO timeseries_data (id, timeseries_id, timestamp, value, status, created_at) VALUES (nextval('timeseries_data_id_seq'), $1::INTEGER, $2::DATE, $3::FLOAT, $4::VARCHAR, $5::TIMESTAMP WITHOUT TIME ZONE) RETURNING timeseries_data.id
2026-02-21 18:53:54,639 [INFO] [sqlalchemy.engine.Engine] [insertmanyvalues 3/96 (ordered; batch not supported)] (1, datetime.datetime(2024, 1, 1, 0, 45), 87.0, <StatusEnum.WAHR: 'W'>, datetime.datetime(2026, 2, 21, 18, 53, 50, 420324))
2026-02-21 18:53:54,640 [INFO] [sqlalchemy.engine.Engine] INSERT INTO timeseries_data (id, timeseries_id, timestamp, value, status, created_at) VALUES (nextval('timeseries_data_id_seq'), $1::INTEGER, $2::DATE, $3::FLOAT, $4::VARCHAR, $5::TIMESTAMP WITHOUT TIME ZONE) RETURNING timeseries_data.id
2026-02-21 18:53:54,641 [INFO] [sqlalchemy.engine.Engine] [insertmanyvalues 4/96 (ordered; batch not supported)] (1, datetime.datetime(2024, 1, 1, 1, 0), 21.0, <StatusEnum.WAHR: 'W'>, datetime.datetime(2026, 2, 21, 18, 53, 50, 420324))
2026-02-21 18:53:54,642 [INFO] [sqlalchemy.engine.Engine] INSERT INTO timeseries_data (id, timeseries_id, timestamp, value, status, created_at) VALUES (nextval('timeseries_data_id_seq'), $1::INTEGER, $2::DATE, $3::FLOAT, $4::VARCHAR, $5::TIMESTAMP WITHOUT TIME ZONE) RETURNING timeseries_data.id
2026-02-21 18:53:54,643 [INFO] [sqlalchemy.engine.Engine] [insertmanyvalues 5/96 (ordered; batch not supported)] (1, datetime.datetime(2024, 1, 1, 1, 15), 66.0, <StatusEnum.VORLAEUFIG: 'V'>, datetime.datetime(2026, 2, 21, 18, 53, 50, 420324))
2026-02-21 18:53:54,644 [INFO] [sqlalchemy.engine.Engine] INSERT INTO timeseries_data (id, timeseries_id, timestamp, value, status, created_at) VALUES (nextval('timeseries_data_id_seq'), $1::INTEGER, $2::DATE, $3::FLOAT, $4::VARCHAR, $5::TIMESTAMP WITHOUT TIME ZONE) RETURNING timeseries_data.id
2026-02-21 18:53:54,644 [INFO] [sqlalchemy.engine.Engine] [insertmanyvalues 6/96 (ordered; batch not supported)] (1, datetime.datetime(2024, 1, 1, 1, 30), 52.0, <StatusEnum.ERSATZ: 'E'>, datetime.datetime(2026, 2, 21, 18, 53, 50, 420324))
2026-02-21 18:53:54,645 [INFO] [sqlalchemy.engine.Engine] INSERT INTO timeseries_data (id, timeseries_id, timestamp, value, status, created_at) VALUES (nextval('timeseries_data_id_seq'), $1::INTEGER, $2::DATE, $3::FLOAT, $4::VARCHAR, $5::TIMESTAMP WITHOUT TIME ZONE) RETURNING timeseries_data.id
2026-02-21 18:53:54,646 [INFO] [sqlalchemy.engine.Engine] [insertmanyvalues 7/96 (ordered; batch not supported)] (1, datetime.datetime(2024, 1, 1, 1, 45), 89.0, <StatusEnum.WAHR: 'W'>, datetime.datetime(2026, 2, 21, 18, 53, 50, 420324))
2026-02-21 18:53:54,647 [INFO] [sqlalchemy.engine.Engine] INSERT INTO timeseries_data (id, timeseries_id, timestamp, value, status, created_at) VALUES (nextval('timeseries_data_id_seq'), $1::INTEGER, $2::DATE, $3::FLOAT, $4::VARCHAR, $5::TIMESTAMP WITHOUT TIME ZONE) RETURNING timeseries_data.id
2026-02-21 18:53:54,648 [INFO] [sqlalchemy.engine.Engine] [insertmanyvalues 8/96 (ordered; batch not supported)] (1, datetime.datetime(2024, 1, 1, 2, 0), 38.0, <StatusEnum.WAHR: 'W'>, datetime.datetime(2026, 2, 21, 18, 53, 50, 420324))
2026-02-21 18:53:54,650 [INFO] [sqlalchemy.engine.Engine] INSERT INTO timeseries_data (id, timeseries_id, timestamp, value, status, created_at) VALUES (nextval('timeseries_data_id_seq'), $1::INTEGER, $2::DATE, $3::FLOAT, $4::VARCHAR, $5::TIMESTAMP WITHOUT TIME ZONE) RETURNING timeseries_data.id
2026-02-21 18:53:54,650 [INFO] [sqlalchemy.engine.Engine] [insertmanyvalues 9/96 (ordered; batch not supported)] (1, datetime.datetime(2024, 1, 1, 2, 15), 67.0, <StatusEnum.VORLAEUFIG: 'V'>, datetime.datetime(2026, 2, 21, 18, 53, 50, 420324))
2026-02-21 18:53:54,652 [INFO] [sqlalchemy.engine.Engine] INSERT INTO timeseries_data (id, timeseries_id, timestamp, value, status, created_at) VALUES (nextval('timeseries_data_id_seq'), $1::INTEGER, $2::DATE, $3::FLOAT, $4::VARCHAR, $5::TIMESTAMP WITHOUT TIME ZONE) RETURNING timeseries_data.id
2026-02-21 18:53:54,652 [INFO] [sqlalchemy.engine.Engine] [insertmanyvalues 10/96 (ordered; batch not supported)] (1, datetime.datetime(2024, 1, 1, 2, 30), 31.0, <StatusEnum.VORLAEUFIG: 'V'>, datetime.datetime(2026, 2, 21, 18, 53, 50, 420324))
2026-02-21 18:53:54,654 [INFO] [sqlalchemy.engine.Engine] INSERT INTO timeseries_data (id, timeseries_id, timestamp, value, status, created_at) VALUES (nextval('timeseries_data_id_seq'), $1::INTEGER, $2::DATE, $3::FLOAT, $4::VARCHAR, $5::TIMESTAMP WITHOUT TIME ZONE) RETURNING timeseries_data.id
2026-02-21 18:53:54,654 [INFO] [sqlalchemy.engine.Engine] [insertmanyvalues 11/96 (ordered; batch not supported)] (1, datetime.datetime(2024, 1, 1, 2, 45), 51.0, <StatusEnum.VORLAEUFIG: 'V'>, datetime.datetime(2026, 2, 21, 18, 53, 50, 420324))
2026-02-21 18:53:54,655 [INFO] [sqlalchemy.engine.Engine] INSERT INTO timeseries_data (id, timeseries_id, timestamp, value, status, created_at) VALUES (nextval('timeseries_data_id_seq'), $1::INTEGER, $2::DATE, $3::FLOAT, $4::VARCHAR, $5::TIMESTAMP WITHOUT TIME ZONE) RETURNING timeseries_data.id
2026-02-21 18:53:54,656 [INFO] [sqlalchemy.engine.Engine] [insertmanyvalues 12/96 (ordered; batch not supported)] (1, datetime.datetime(2024, 1, 1, 3, 0), 70.0, <StatusEnum.ERSATZ: 'E'>, datetime.datetime(2026, 2, 21, 18, 53, 50, 420324))
2026-02-21 18:53:54,657 [INFO] [sqlalchemy.engine.Engine] INSERT INTO timeseries_data (id, timeseries_id, timestamp, value, status, created_at) VALUES (nextval('timeseries_data_id_seq'), $1::INTEGER, $2::DATE, $3::FLOAT, $4::VARCHAR, $5::TIMESTAMP WITHOUT TIME ZONE) RETURNING timeseries_data.id
2026-02-21 18:53:54,658 [INFO] [sqlalchemy.engine.Engine] [insertmanyvalues 13/96 (ordered; batch not supported)] (1, datetime.datetime(2024, 1, 1, 3, 15), 25.0, <StatusEnum.VORLAEUFIG: 'V'>, datetime.datetime(2026, 2, 21, 18, 53, 50, 420324))
2026-02-21 18:53:54,659 [INFO] [sqlalchemy.engine.Engine] INSERT INTO timeseries_data (id, timeseries_id, timestamp, value, status, created_at) VALUES (nextval('timeseries_data_id_seq'), $1::INTEGER, $2::DATE, $3::FLOAT, $4::VARCHAR, $5::TIMESTAMP WITHOUT TIME ZONE) RETURNING timeseries_data.id
2026-02-21 18:53:54,660 [INFO] [sqlalchemy.engine.Engine] [insertmanyvalues 14/96 (ordered; batch not supported)] (1, datetime.datetime(2024, 1, 1, 3, 30), 89.0, <StatusEnum.ERSATZ: 'E'>, datetime.datetime(2026, 2, 21, 18, 53, 50, 420324))
2026-02-21 18:53:54,661 [INFO] [sqlalchemy.engine.Engine] INSERT INTO timeseries_data (id, timeseries_id, timestamp, value, status, created_at) VALUES (nextval('timeseries_data_id_seq'), $1::INTEGER, $2::DATE, $3::FLOAT, $4::VARCHAR, $5::TIMESTAMP WITHOUT TIME ZONE) RETURNING timeseries_data.id
2026-02-21 18:53:54,661 [INFO] [sqlalchemy.engine.Engine] [insertmanyvalues 15/96 (ordered; batch not supported)] (1, datetime.datetime(2024, 1, 1, 3, 45), 78.0, <StatusEnum.ERSATZ: 'E'>, datetime.datetime(2026, 2, 21, 18, 53, 50, 420324))
2026-02-21 18:53:54,663 [INFO] [sqlalchemy.engine.Engine] INSERT INTO timeseries_data (id, timeseries_id, timestamp, value, status, created_at) VALUES (nextval('timeseries_data_id_seq'), $1::INTEGER, $2::DATE, $3::FLOAT, $4::VARCHAR, $5::TIMESTAMP WITHOUT TIME ZONE) RETURNING timeseries_data.id
2026-02-21 18:53:54,663 [INFO] [sqlalchemy.engine.Engine] [insertmanyvalues 16/96 (ordered; batch not supported)] (1, datetime.datetime(2024, 1, 1, 4, 0), 98.0, <StatusEnum.ERSATZ: 'E'>, datetime.datetime(2026, 2, 21, 18, 53, 50, 420324))
2026-02-21 18:53:54,664 [INFO] [sqlalchemy.engine.Engine] INSERT INTO timeseries_data (id, timeseries_id, timestamp, value, status, created_at) VALUES (nextval('timeseries_data_id_seq'), $1::INTEGER, $2::DATE, $3::FLOAT, $4::VARCHAR, $5::TIMESTAMP WITHOUT TIME ZONE) RETURNING timeseries_data.id
2026-02-21 18:53:54,665 [INFO] [sqlalchemy.engine.Engine] [insertmanyvalues 17/96 (ordered; batch not supported)] (1, datetime.datetime(2024, 1, 1, 4, 15), 53.0, <StatusEnum.VORLAEUFIG: 'V'>, datetime.datetime(2026, 2, 21, 18, 53, 50, 420324))
2026-02-21 18:53:54,666 [INFO] [sqlalchemy.engine.Engine] INSERT INTO timeseries_data (id, timeseries_id, timestamp, value, status, created_at) VALUES (nextval('timeseries_data_id_seq'), $1::INTEGER, $2::DATE, $3::FLOAT, $4::VARCHAR, $5::TIMESTAMP WITHOUT TIME ZONE) RETURNING timeseries_data.id
2026-02-21 18:53:54,667 [INFO] [sqlalchemy.engine.Engine] [insertmanyvalues 18/96 (ordered; batch not supported)] (1, datetime.datetime(2024, 1, 1, 4, 30), 27.0, <StatusEnum.WAHR: 'W'>, datetime.datetime(2026, 2, 21, 18, 53, 50, 420324))
2026-02-21 18:53:54,668 [INFO] [sqlalchemy.engine.Engine] INSERT INTO timeseries_data (id, timeseries_id, timestamp, value, status, created_at) VALUES (nextval('timeseries_data_id_seq'), $1::INTEGER, $2::DATE, $3::FLOAT, $4::VARCHAR, $5::TIMESTAMP WITHOUT TIME ZONE) RETURNING timeseries_data.id
2026-02-21 18:53:54,669 [INFO] [sqlalchemy.engine.Engine] [insertmanyvalues 19/96 (ordered; batch not supported)] (1, datetime.datetime(2024, 1, 1, 4, 45), 83.0, <StatusEnum.WAHR: 'W'>, datetime.datetime(2026, 2, 21, 18, 53, 50, 420324))
2026-02-21 18:53:54,670 [INFO] [sqlalchemy.engine.Engine] INSERT INTO timeseries_data (id, timeseries_id, timestamp, value, status, created_at) VALUES (nextval('timeseries_data_id_seq'), $1::INTEGER, $2::DATE, $3::FLOAT, $4::VARCHAR, $5::TIMESTAMP WITHOUT TIME ZONE) RETURNING timeseries_data.id
2026-02-21 18:53:54,671 [INFO] [sqlalchemy.engine.Engine] [insertmanyvalues 20/96 (ordered; batch not supported)] (1, datetime.datetime(2024, 1, 1, 5, 0), 53.0, <StatusEnum.WAHR: 'W'>, datetime.datetime(2026, 2, 21, 18, 53, 50, 420324))
2026-02-21 18:53:54,672 [INFO] [sqlalchemy.engine.Engine] INSERT INTO timeseries_data (id, timeseries_id, timestamp, value, status, created_at) VALUES (nextval('timeseries_data_id_seq'), $1::INTEGER, $2::DATE, $3::FLOAT, $4::VARCHAR, $5::TIMESTAMP WITHOUT TIME ZONE) RETURNING timeseries_data.id
2026-02-21 18:53:54,672 [INFO] [sqlalchemy.engine.Engine] [insertmanyvalues 21/96 (ordered; batch not supported)] (1, datetime.datetime(2024, 1, 1, 5, 15), 54.0, <StatusEnum.ERSATZ: 'E'>, datetime.datetime(2026, 2, 21, 18, 53, 50, 420324))
2026-02-21 18:53:54,674 [INFO] [sqlalchemy.engine.Engine] INSERT INTO timeseries_data (id, timeseries_id, timestamp, value, status, created_at) VALUES (nextval('timeseries_data_id_seq'), $1::INTEGER, $2::DATE, $3::FLOAT, $4::VARCHAR, $5::TIMESTAMP WITHOUT TIME ZONE) RETURNING timeseries_data.id
2026-02-21 18:53:54,674 [INFO] [sqlalchemy.engine.Engine] [insertmanyvalues 22/96 (ordered; batch not supported)] (1, datetime.datetime(2024, 1, 1, 5, 30), 93.0, <StatusEnum.WAHR: 'W'>, datetime.datetime(2026, 2, 21, 18, 53, 50, 420324))
2026-02-21 18:53:54,675 [INFO] [sqlalchemy.engine.Engine] INSERT INTO timeseries_data (id, timeseries_id, timestamp, value, status, created_at) VALUES (nextval('timeseries_data_id_seq'), $1::INTEGER, $2::DATE, $3::FLOAT, $4::VARCHAR, $5::TIMESTAMP WITHOUT TIME ZONE) RETURNING timeseries_data.id
2026-02-21 18:53:54,676 [INFO] [sqlalchemy.engine.Engine] [insertmanyvalues 23/96 (ordered; batch not supported)] (1, datetime.datetime(2024, 1, 1, 5, 45), 45.0, <StatusEnum.ERSATZ: 'E'>, datetime.datetime(2026, 2, 21, 18, 53, 50, 420324))
2026-02-21 18:53:54,677 [INFO] [sqlalchemy.engine.Engine] INSERT INTO timeseries_data (id, timeseries_id, timestamp, value, status, created_at) VALUES (nextval('timeseries_data_id_seq'), $1::INTEGER, $2::DATE, $3::FLOAT, $4::VARCHAR, $5::TIMESTAMP WITHOUT TIME ZONE) RETURNING timeseries_data.id
2026-02-21 18:53:54,677 [INFO] [sqlalchemy.engine.Engine] [insertmanyvalues 24/96 (ordered; batch not supported)] (1, datetime.datetime(2024, 1, 1, 6, 0), 93.0, <StatusEnum.ERSATZ: 'E'>, datetime.datetime(2026, 2, 21, 18, 53, 50, 420324))
2026-02-21 18:53:54,679 [INFO] [sqlalchemy.engine.Engine] INSERT INTO timeseries_data (id, timeseries_id, timestamp, value, status, created_at) VALUES (nextval('timeseries_data_id_seq'), $1::INTEGER, $2::DATE, $3::FLOAT, $4::VARCHAR, $5::TIMESTAMP WITHOUT TIME ZONE) RETURNING timeseries_data.id
2026-02-21 18:53:54,679 [INFO] [sqlalchemy.engine.Engine] [insertmanyvalues 25/96 (ordered; batch not supported)] (1, datetime.datetime(2024, 1, 1, 6, 15), 82.0, <StatusEnum.ERSATZ: 'E'>, datetime.datetime(2026, 2, 21, 18, 53, 50, 420324))
2026-02-21 18:53:54,680 [INFO] [sqlalchemy.engine.Engine] INSERT INTO timeseries_data (id, timeseries_id, timestamp, value, status, created_at) VALUES (nextval('timeseries_data_id_seq'), $1::INTEGER, $2::DATE, $3::FLOAT, $4::VARCHAR, $5::TIMESTAMP WITHOUT TIME ZONE) RETURNING timeseries_data.id
2026-02-21 18:53:54,681 [INFO] [sqlalchemy.engine.Engine] [insertmanyvalues 26/96 (ordered; batch not supported)] (1, datetime.datetime(2024, 1, 1, 6, 30), 84.0, <StatusEnum.WAHR: 'W'>, datetime.datetime(2026, 2, 21, 18, 53, 50, 420324))
2026-02-21 18:53:54,682 [INFO] [sqlalchemy.engine.Engine] INSERT INTO timeseries_data (id, timeseries_id, timestamp, value, status, created_at) VALUES (nextval('timeseries_data_id_seq'), $1::INTEGER, $2::DATE, $3::FLOAT, $4::VARCHAR, $5::TIMESTAMP WITHOUT TIME ZONE) RETURNING timeseries_data.id
2026-02-21 18:53:54,683 [INFO] [sqlalchemy.engine.Engine] [insertmanyvalues 27/96 (ordered; batch not supported)] (1, datetime.datetime(2024, 1, 1, 6, 45), 7.0, <StatusEnum.WAHR: 'W'>, datetime.datetime(2026, 2, 21, 18, 53, 50, 420324))
2026-02-21 18:53:54,684 [INFO] [sqlalchemy.engine.Engine] INSERT INTO timeseries_data (id, timeseries_id, timestamp, value, status, created_at) VALUES (nextval('timeseries_data_id_seq'), $1::INTEGER, $2::DATE, $3::FLOAT, $4::VARCHAR, $5::TIMESTAMP WITHOUT TIME ZONE) RETURNING timeseries_data.id
2026-02-21 18:53:54,685 [INFO] [sqlalchemy.engine.Engine] [insertmanyvalues 28/96 (ordered; batch not supported)] (1, datetime.datetime(2024, 1, 1, 7, 0), 54.0, <StatusEnum.ERSATZ: 'E'>, datetime.datetime(2026, 2, 21, 18, 53, 50, 420324))
2026-02-21 18:53:54,686 [INFO] [sqlalchemy.engine.Engine] INSERT INTO timeseries_data (id, timeseries_id, timestamp, value, status, created_at) VALUES (nextval('timeseries_data_id_seq'), $1::INTEGER, $2::DATE, $3::FLOAT, $4::VARCHAR, $5::TIMESTAMP WITHOUT TIME ZONE) RETURNING timeseries_data.id
2026-02-21 18:53:54,686 [INFO] [sqlalchemy.engine.Engine] [insertmanyvalues 29/96 (ordered; batch not supported)] (1, datetime.datetime(2024, 1, 1, 7, 15), 31.0, <StatusEnum.WAHR: 'W'>, datetime.datetime(2026, 2, 21, 18, 53, 50, 420324))
2026-02-21 18:53:54,688 [INFO] [sqlalchemy.engine.Engine] INSERT INTO timeseries_data (id, timeseries_id, timestamp, value, status, created_at) VALUES (nextval('timeseries_data_id_seq'), $1::INTEGER, $2::DATE, $3::FLOAT, $4::VARCHAR, $5::TIMESTAMP WITHOUT TIME ZONE) RETURNING timeseries_data.id
2026-02-21 18:53:54,688 [INFO] [sqlalchemy.engine.Engine] [insertmanyvalues 30/96 (ordered; batch not supported)] (1, datetime.datetime(2024, 1, 1, 7, 30), 45.0, <StatusEnum.ERSATZ: 'E'>, datetime.datetime(2026, 2, 21, 18, 53, 50, 420324))
2026-02-21 18:53:54,690 [INFO] [sqlalchemy.engine.Engine] INSERT INTO timeseries_data (id, timeseries_id, timestamp, value, status, created_at) VALUES (nextval('timeseries_data_id_seq'), $1::INTEGER, $2::DATE, $3::FLOAT, $4::VARCHAR, $5::TIMESTAMP WITHOUT TIME ZONE) RETURNING timeseries_data.id
2026-02-21 18:53:54,690 [INFO] [sqlalchemy.engine.Engine] [insertmanyvalues 31/96 (ordered; batch not supported)] (1, datetime.datetime(2024, 1, 1, 7, 45), 2.0, <StatusEnum.VORLAEUFIG: 'V'>, datetime.datetime(2026, 2, 21, 18, 53, 50, 420324))
2026-02-21 18:53:54,691 [INFO] [sqlalchemy.engine.Engine] INSERT INTO timeseries_data (id, timeseries_id, timestamp, value, status, created_at) VALUES (nextval('timeseries_data_id_seq'), $1::INTEGER, $2::DATE, $3::FLOAT, $4::VARCHAR, $5::TIMESTAMP WITHOUT TIME ZONE) RETURNING timeseries_data.id
2026-02-21 18:53:54,692 [INFO] [sqlalchemy.engine.Engine] [insertmanyvalues 32/96 (ordered; batch not supported)] (1, datetime.datetime(2024, 1, 1, 8, 0), 16.0, <StatusEnum.WAHR: 'W'>, datetime.datetime(2026, 2, 21, 18, 53, 50, 420324))
2026-02-21 18:53:54,693 [INFO] [sqlalchemy.engine.Engine] INSERT INTO timeseries_data (id, timeseries_id, timestamp, value, status, created_at) VALUES (nextval('timeseries_data_id_seq'), $1::INTEGER, $2::DATE, $3::FLOAT, $4::VARCHAR, $5::TIMESTAMP WITHOUT TIME ZONE) RETURNING timeseries_data.id
2026-02-21 18:53:54,693 [INFO] [sqlalchemy.engine.Engine] [insertmanyvalues 33/96 (ordered; batch not supported)] (1, datetime.datetime(2024, 1, 1, 8, 15), 71.0, <StatusEnum.WAHR: 'W'>, datetime.datetime(2026, 2, 21, 18, 53, 50, 420324))
2026-02-21 18:53:54,695 [INFO] [sqlalchemy.engine.Engine] INSERT INTO timeseries_data (id, timeseries_id, timestamp, value, status, created_at) VALUES (nextval('timeseries_data_id_seq'), $1::INTEGER, $2::DATE, $3::FLOAT, $4::VARCHAR, $5::TIMESTAMP WITHOUT TIME ZONE) RETURNING timeseries_data.id
2026-02-21 18:53:54,695 [INFO] [sqlalchemy.engine.Engine] [insertmanyvalues 34/96 (ordered; batch not supported)] (1, datetime.datetime(2024, 1, 1, 8, 30), 27.0, <StatusEnum.VORLAEUFIG: 'V'>, datetime.datetime(2026, 2, 21, 18, 53, 50, 420324))
2026-02-21 18:53:54,696 [INFO] [sqlalchemy.engine.Engine] INSERT INTO timeseries_data (id, timeseries_id, timestamp, value, status, created_at) VALUES (nextval('timeseries_data_id_seq'), $1::INTEGER, $2::DATE, $3::FLOAT, $4::VARCHAR, $5::TIMESTAMP WITHOUT TIME ZONE) RETURNING timeseries_data.id
2026-02-21 18:53:54,696 [INFO] [sqlalchemy.engine.Engine] [insertmanyvalues 35/96 (ordered; batch not supported)] (1, datetime.datetime(2024, 1, 1, 8, 45), 8.0, <StatusEnum.ERSATZ: 'E'>, datetime.datetime(2026, 2, 21, 18, 53, 50, 420324))
2026-02-21 18:53:54,698 [INFO] [sqlalchemy.engine.Engine] INSERT INTO timeseries_data (id, timeseries_id, timestamp, value, status, created_at) VALUES (nextval('timeseries_data_id_seq'), $1::INTEGER, $2::DATE, $3::FLOAT, $4::VARCHAR, $5::TIMESTAMP WITHOUT TIME ZONE) RETURNING timeseries_data.id
2026-02-21 18:53:54,699 [INFO] [sqlalchemy.engine.Engine] [insertmanyvalues 36/96 (ordered; batch not supported)] (1, datetime.datetime(2024, 1, 1, 9, 0), 6.0, <StatusEnum.WAHR: 'W'>, datetime.datetime(2026, 2, 21, 18, 53, 50, 420324))
2026-02-21 18:53:54,700 [INFO] [sqlalchemy.engine.Engine] INSERT INTO timeseries_data (id, timeseries_id, timestamp, value, status, created_at) VALUES (nextval('timeseries_data_id_seq'), $1::INTEGER, $2::DATE, $3::FLOAT, $4::VARCHAR, $5::TIMESTAMP WITHOUT TIME ZONE) RETURNING timeseries_data.id
2026-02-21 18:53:54,701 [INFO] [sqlalchemy.engine.Engine] [insertmanyvalues 37/96 (ordered; batch not supported)] (1, datetime.datetime(2024, 1, 1, 9, 15), 100.0, <StatusEnum.ERSATZ: 'E'>, datetime.datetime(2026, 2, 21, 18, 53, 50, 420324))
2026-02-21 18:53:54,702 [INFO] [sqlalchemy.engine.Engine] INSERT INTO timeseries_data (id, timeseries_id, timestamp, value, status, created_at) VALUES (nextval('timeseries_data_id_seq'), $1::INTEGER, $2::DATE, $3::FLOAT, $4::VARCHAR, $5::TIMESTAMP WITHOUT TIME ZONE) RETURNING timeseries_data.id
2026-02-21 18:53:54,702 [INFO] [sqlalchemy.engine.Engine] [insertmanyvalues 38/96 (ordered; batch not supported)] (1, datetime.datetime(2024, 1, 1, 9, 30), 3.0, <StatusEnum.VORLAEUFIG: 'V'>, datetime.datetime(2026, 2, 21, 18, 53, 50, 420324))
2026-02-21 18:53:54,704 [INFO] [sqlalchemy.engine.Engine] INSERT INTO timeseries_data (id, timeseries_id, timestamp, value, status, created_at) VALUES (nextval('timeseries_data_id_seq'), $1::INTEGER, $2::DATE, $3::FLOAT, $4::VARCHAR, $5::TIMESTAMP WITHOUT TIME ZONE) RETURNING timeseries_data.id
2026-02-21 18:53:54,704 [INFO] [sqlalchemy.engine.Engine] [insertmanyvalues 39/96 (ordered; batch not supported)] (1, datetime.datetime(2024, 1, 1, 9, 45), 78.0, <StatusEnum.ERSATZ: 'E'>, datetime.datetime(2026, 2, 21, 18, 53, 50, 420324))
2026-02-21 18:53:54,705 [INFO] [sqlalchemy.engine.Engine] INSERT INTO timeseries_data (id, timeseries_id, timestamp, value, status, created_at) VALUES (nextval('timeseries_data_id_seq'), $1::INTEGER, $2::DATE, $3::FLOAT, $4::VARCHAR, $5::TIMESTAMP WITHOUT TIME ZONE) RETURNING timeseries_data.id
2026-02-21 18:53:54,706 [INFO] [sqlalchemy.engine.Engine] [insertmanyvalues 40/96 (ordered; batch not supported)] (1, datetime.datetime(2024, 1, 1, 10, 0), 1.0, <StatusEnum.ERSATZ: 'E'>, datetime.datetime(2026, 2, 21, 18, 53, 50, 420324))
2026-02-21 18:53:54,707 [INFO] [sqlalchemy.engine.Engine] INSERT INTO timeseries_data (id, timeseries_id, timestamp, value, status, created_at) VALUES (nextval('timeseries_data_id_seq'), $1::INTEGER, $2::DATE, $3::FLOAT, $4::VARCHAR, $5::TIMESTAMP WITHOUT TIME ZONE) RETURNING timeseries_data.id
2026-02-21 18:53:54,707 [INFO] [sqlalchemy.engine.Engine] [insertmanyvalues 41/96 (ordered; batch not supported)] (1, datetime.datetime(2024, 1, 1, 10, 15), 10.0, <StatusEnum.VORLAEUFIG: 'V'>, datetime.datetime(2026, 2, 21, 18, 53, 50, 420324))
2026-02-21 18:53:54,708 [INFO] [sqlalchemy.engine.Engine] INSERT INTO timeseries_data (id, timeseries_id, timestamp, value, status, created_at) VALUES (nextval('timeseries_data_id_seq'), $1::INTEGER, $2::DATE, $3::FLOAT, $4::VARCHAR, $5::TIMESTAMP WITHOUT TIME ZONE) RETURNING timeseries_data.id
2026-02-21 18:53:54,709 [INFO] [sqlalchemy.engine.Engine] [insertmanyvalues 42/96 (ordered; batch not supported)] (1, datetime.datetime(2024, 1, 1, 10, 30), 54.0, <StatusEnum.ERSATZ: 'E'>, datetime.datetime(2026, 2, 21, 18, 53, 50, 420324))
2026-02-21 18:53:54,710 [INFO] [sqlalchemy.engine.Engine] INSERT INTO timeseries_data (id, timeseries_id, timestamp, value, status, created_at) VALUES (nextval('timeseries_data_id_seq'), $1::INTEGER, $2::DATE, $3::FLOAT, $4::VARCHAR, $5::TIMESTAMP WITHOUT TIME ZONE) RETURNING timeseries_data.id
2026-02-21 18:53:54,710 [INFO] [sqlalchemy.engine.Engine] [insertmanyvalues 43/96 (ordered; batch not supported)] (1, datetime.datetime(2024, 1, 1, 10, 45), 42.0, <StatusEnum.ERSATZ: 'E'>, datetime.datetime(2026, 2, 21, 18, 53, 50, 420324))
2026-02-21 18:53:54,711 [INFO] [sqlalchemy.engine.Engine] INSERT INTO timeseries_data (id, timeseries_id, timestamp, value, status, created_at) VALUES (nextval('timeseries_data_id_seq'), $1::INTEGER, $2::DATE, $3::FLOAT, $4::VARCHAR, $5::TIMESTAMP WITHOUT TIME ZONE) RETURNING timeseries_data.id
2026-02-21 18:53:54,712 [INFO] [sqlalchemy.engine.Engine] [insertmanyvalues 44/96 (ordered; batch not supported)] (1, datetime.datetime(2024, 1, 1, 11, 0), 69.0, <StatusEnum.ERSATZ: 'E'>, datetime.datetime(2026, 2, 21, 18, 53, 50, 420324))
2026-02-21 18:53:54,713 [INFO] [sqlalchemy.engine.Engine] INSERT INTO timeseries_data (id, timeseries_id, timestamp, value, status, created_at) VALUES (nextval('timeseries_data_id_seq'), $1::INTEGER, $2::DATE, $3::FLOAT, $4::VARCHAR, $5::TIMESTAMP WITHOUT TIME ZONE) RETURNING timeseries_data.id
2026-02-21 18:53:54,714 [INFO] [sqlalchemy.engine.Engine] [insertmanyvalues 45/96 (ordered; batch not supported)] (1, datetime.datetime(2024, 1, 1, 11, 15), 36.0, <StatusEnum.VORLAEUFIG: 'V'>, datetime.datetime(2026, 2, 21, 18, 53, 50, 420324))
2026-02-21 18:53:54,715 [INFO] [sqlalchemy.engine.Engine] INSERT INTO timeseries_data (id, timeseries_id, timestamp, value, status, created_at) VALUES (nextval('timeseries_data_id_seq'), $1::INTEGER, $2::DATE, $3::FLOAT, $4::VARCHAR, $5::TIMESTAMP WITHOUT TIME ZONE) RETURNING timeseries_data.id
2026-02-21 18:53:54,715 [INFO] [sqlalchemy.engine.Engine] [insertmanyvalues 46/96 (ordered; batch not supported)] (1, datetime.datetime(2024, 1, 1, 11, 30), 77.0, <StatusEnum.WAHR: 'W'>, datetime.datetime(2026, 2, 21, 18, 53, 50, 420324))
2026-02-21 18:53:54,717 [INFO] [sqlalchemy.engine.Engine] INSERT INTO timeseries_data (id, timeseries_id, timestamp, value, status, created_at) VALUES (nextval('timeseries_data_id_seq'), $1::INTEGER, $2::DATE, $3::FLOAT, $4::VARCHAR, $5::TIMESTAMP WITHOUT TIME ZONE) RETURNING timeseries_data.id
2026-02-21 18:53:54,717 [INFO] [sqlalchemy.engine.Engine] [insertmanyvalues 47/96 (ordered; batch not supported)] (1, datetime.datetime(2024, 1, 1, 11, 45), 34.0, <StatusEnum.ERSATZ: 'E'>, datetime.datetime(2026, 2, 21, 18, 53, 50, 420324))
2026-02-21 18:53:54,719 [INFO] [sqlalchemy.engine.Engine] INSERT INTO timeseries_data (id, timeseries_id, timestamp, value, status, created_at) VALUES (nextval('timeseries_data_id_seq'), $1::INTEGER, $2::DATE, $3::FLOAT, $4::VARCHAR, $5::TIMESTAMP WITHOUT TIME ZONE) RETURNING timeseries_data.id
2026-02-21 18:53:54,719 [INFO] [sqlalchemy.engine.Engine] [insertmanyvalues 48/96 (ordered; batch not supported)] (1, datetime.datetime(2024, 1, 1, 12, 0), 54.0, <StatusEnum.ERSATZ: 'E'>, datetime.datetime(2026, 2, 21, 18, 53, 50, 420324))
2026-02-21 18:53:54,720 [INFO] [sqlalchemy.engine.Engine] INSERT INTO timeseries_data (id, timeseries_id, timestamp, value, status, created_at) VALUES (nextval('timeseries_data_id_seq'), $1::INTEGER, $2::DATE, $3::FLOAT, $4::VARCHAR, $5::TIMESTAMP WITHOUT TIME ZONE) RETURNING timeseries_data.id
2026-02-21 18:53:54,721 [INFO] [sqlalchemy.engine.Engine] [insertmanyvalues 49/96 (ordered; batch not supported)] (1, datetime.datetime(2024, 1, 1, 12, 15), 60.0, <StatusEnum.WAHR: 'W'>, datetime.datetime(2026, 2, 21, 18, 53, 50, 420324))
2026-02-21 18:53:54,722 [INFO] [sqlalchemy.engine.Engine] INSERT INTO timeseries_data (id, timeseries_id, timestamp, value, status, created_at) VALUES (nextval('timeseries_data_id_seq'), $1::INTEGER, $2::DATE, $3::FLOAT, $4::VARCHAR, $5::TIMESTAMP WITHOUT TIME ZONE) RETURNING timeseries_data.id
2026-02-21 18:53:54,722 [INFO] [sqlalchemy.engine.Engine] [insertmanyvalues 50/96 (ordered; batch not supported)] (1, datetime.datetime(2024, 1, 1, 12, 30), 94.0, <StatusEnum.ERSATZ: 'E'>, datetime.datetime(2026, 2, 21, 18, 53, 50, 420324))
2026-02-21 18:53:54,724 [INFO] [sqlalchemy.engine.Engine] INSERT INTO timeseries_data (id, timeseries_id, timestamp, value, status, created_at) VALUES (nextval('timeseries_data_id_seq'), $1::INTEGER, $2::DATE, $3::FLOAT, $4::VARCHAR, $5::TIMESTAMP WITHOUT TIME ZONE) RETURNING timeseries_data.id
2026-02-21 18:53:54,724 [INFO] [sqlalchemy.engine.Engine] [insertmanyvalues 51/96 (ordered; batch not supported)] (1, datetime.datetime(2024, 1, 1, 12, 45), 49.0, <StatusEnum.ERSATZ: 'E'>, datetime.datetime(2026, 2, 21, 18, 53, 50, 420324))
2026-02-21 18:53:54,726 [INFO] [sqlalchemy.engine.Engine] INSERT INTO timeseries_data (id, timeseries_id, timestamp, value, status, created_at) VALUES (nextval('timeseries_data_id_seq'), $1::INTEGER, $2::DATE, $3::FLOAT, $4::VARCHAR, $5::TIMESTAMP WITHOUT TIME ZONE) RETURNING timeseries_data.id
2026-02-21 18:53:54,726 [INFO] [sqlalchemy.engine.Engine] [insertmanyvalues 52/96 (ordered; batch not supported)] (1, datetime.datetime(2024, 1, 1, 13, 0), 82.0, <StatusEnum.ERSATZ: 'E'>, datetime.datetime(2026, 2, 21, 18, 53, 50, 420324))
2026-02-21 18:53:54,727 [INFO] [sqlalchemy.engine.Engine] INSERT INTO timeseries_data (id, timeseries_id, timestamp, value, status, created_at) VALUES (nextval('timeseries_data_id_seq'), $1::INTEGER, $2::DATE, $3::FLOAT, $4::VARCHAR, $5::TIMESTAMP WITHOUT TIME ZONE) RETURNING timeseries_data.id
2026-02-21 18:53:54,728 [INFO] [sqlalchemy.engine.Engine] [insertmanyvalues 53/96 (ordered; batch not supported)] (1, datetime.datetime(2024, 1, 1, 13, 15), 65.0, <StatusEnum.ERSATZ: 'E'>, datetime.datetime(2026, 2, 21, 18, 53, 50, 420324))
2026-02-21 18:53:54,729 [INFO] [sqlalchemy.engine.Engine] INSERT INTO timeseries_data (id, timeseries_id, timestamp, value, status, created_at) VALUES (nextval('timeseries_data_id_seq'), $1::INTEGER, $2::DATE, $3::FLOAT, $4::VARCHAR, $5::TIMESTAMP WITHOUT TIME ZONE) RETURNING timeseries_data.id
2026-02-21 18:53:54,730 [INFO] [sqlalchemy.engine.Engine] [insertmanyvalues 54/96 (ordered; batch not supported)] (1, datetime.datetime(2024, 1, 1, 13, 30), 99.0, <StatusEnum.ERSATZ: 'E'>, datetime.datetime(2026, 2, 21, 18, 53, 50, 420324))
2026-02-21 18:53:54,731 [INFO] [sqlalchemy.engine.Engine] INSERT INTO timeseries_data (id, timeseries_id, timestamp, value, status, created_at) VALUES (nextval('timeseries_data_id_seq'), $1::INTEGER, $2::DATE, $3::FLOAT, $4::VARCHAR, $5::TIMESTAMP WITHOUT TIME ZONE) RETURNING timeseries_data.id
2026-02-21 18:53:54,731 [INFO] [sqlalchemy.engine.Engine] [insertmanyvalues 55/96 (ordered; batch not supported)] (1, datetime.datetime(2024, 1, 1, 13, 45), 74.0, <StatusEnum.WAHR: 'W'>, datetime.datetime(2026, 2, 21, 18, 53, 50, 420324))
2026-02-21 18:53:54,733 [INFO] [sqlalchemy.engine.Engine] INSERT INTO timeseries_data (id, timeseries_id, timestamp, value, status, created_at) VALUES (nextval('timeseries_data_id_seq'), $1::INTEGER, $2::DATE, $3::FLOAT, $4::VARCHAR, $5::TIMESTAMP WITHOUT TIME ZONE) RETURNING timeseries_data.id
2026-02-21 18:53:54,733 [INFO] [sqlalchemy.engine.Engine] [insertmanyvalues 56/96 (ordered; batch not supported)] (1, datetime.datetime(2024, 1, 1, 14, 0), 53.0, <StatusEnum.ERSATZ: 'E'>, datetime.datetime(2026, 2, 21, 18, 53, 50, 420324))
2026-02-21 18:53:54,735 [INFO] [sqlalchemy.engine.Engine] INSERT INTO timeseries_data (id, timeseries_id, timestamp, value, status, created_at) VALUES (nextval('timeseries_data_id_seq'), $1::INTEGER, $2::DATE, $3::FLOAT, $4::VARCHAR, $5::TIMESTAMP WITHOUT TIME ZONE) RETURNING timeseries_data.id
2026-02-21 18:53:54,735 [INFO] [sqlalchemy.engine.Engine] [insertmanyvalues 57/96 (ordered; batch not supported)] (1, datetime.datetime(2024, 1, 1, 14, 15), 59.0, <StatusEnum.WAHR: 'W'>, datetime.datetime(2026, 2, 21, 18, 53, 50, 420324))
2026-02-21 18:53:54,736 [INFO] [sqlalchemy.engine.Engine] INSERT INTO timeseries_data (id, timeseries_id, timestamp, value, status, created_at) VALUES (nextval('timeseries_data_id_seq'), $1::INTEGER, $2::DATE, $3::FLOAT, $4::VARCHAR, $5::TIMESTAMP WITHOUT TIME ZONE) RETURNING timeseries_data.id
2026-02-21 18:53:54,737 [INFO] [sqlalchemy.engine.Engine] [insertmanyvalues 58/96 (ordered; batch not supported)] (1, datetime.datetime(2024, 1, 1, 14, 30), 90.0, <StatusEnum.ERSATZ: 'E'>, datetime.datetime(2026, 2, 21, 18, 53, 50, 420324))
2026-02-21 18:53:54,738 [INFO] [sqlalchemy.engine.Engine] INSERT INTO timeseries_data (id, timeseries_id, timestamp, value, status, created_at) VALUES (nextval('timeseries_data_id_seq'), $1::INTEGER, $2::DATE, $3::FLOAT, $4::VARCHAR, $5::TIMESTAMP WITHOUT TIME ZONE) RETURNING timeseries_data.id
2026-02-21 18:53:54,739 [INFO] [sqlalchemy.engine.Engine] [insertmanyvalues 59/96 (ordered; batch not supported)] (1, datetime.datetime(2024, 1, 1, 14, 45), 81.0, <StatusEnum.VORLAEUFIG: 'V'>, datetime.datetime(2026, 2, 21, 18, 53, 50, 420324))
2026-02-21 18:53:54,740 [INFO] [sqlalchemy.engine.Engine] INSERT INTO timeseries_data (id, timeseries_id, timestamp, value, status, created_at) VALUES (nextval('timeseries_data_id_seq'), $1::INTEGER, $2::DATE, $3::FLOAT, $4::VARCHAR, $5::TIMESTAMP WITHOUT TIME ZONE) RETURNING timeseries_data.id
2026-02-21 18:53:54,741 [INFO] [sqlalchemy.engine.Engine] [insertmanyvalues 60/96 (ordered; batch not supported)] (1, datetime.datetime(2024, 1, 1, 15, 0), 53.0, <StatusEnum.WAHR: 'W'>, datetime.datetime(2026, 2, 21, 18, 53, 50, 420324))
2026-02-21 18:53:54,742 [INFO] [sqlalchemy.engine.Engine] INSERT INTO timeseries_data (id, timeseries_id, timestamp, value, status, created_at) VALUES (nextval('timeseries_data_id_seq'), $1::INTEGER, $2::DATE, $3::FLOAT, $4::VARCHAR, $5::TIMESTAMP WITHOUT TIME ZONE) RETURNING timeseries_data.id
2026-02-21 18:53:54,742 [INFO] [sqlalchemy.engine.Engine] [insertmanyvalues 61/96 (ordered; batch not supported)] (1, datetime.datetime(2024, 1, 1, 15, 15), 73.0, <StatusEnum.VORLAEUFIG: 'V'>, datetime.datetime(2026, 2, 21, 18, 53, 50, 420324))
2026-02-21 18:53:54,743 [INFO] [sqlalchemy.engine.Engine] INSERT INTO timeseries_data (id, timeseries_id, timestamp, value, status, created_at) VALUES (nextval('timeseries_data_id_seq'), $1::INTEGER, $2::DATE, $3::FLOAT, $4::VARCHAR, $5::TIMESTAMP WITHOUT TIME ZONE) RETURNING timeseries_data.id
2026-02-21 18:53:54,744 [INFO] [sqlalchemy.engine.Engine] [insertmanyvalues 62/96 (ordered; batch not supported)] (1, datetime.datetime(2024, 1, 1, 15, 30), 59.0, <StatusEnum.WAHR: 'W'>, datetime.datetime(2026, 2, 21, 18, 53, 50, 420324))
2026-02-21 18:53:54,745 [INFO] [sqlalchemy.engine.Engine] INSERT INTO timeseries_data (id, timeseries_id, timestamp, value, status, created_at) VALUES (nextval('timeseries_data_id_seq'), $1::INTEGER, $2::DATE, $3::FLOAT, $4::VARCHAR, $5::TIMESTAMP WITHOUT TIME ZONE) RETURNING timeseries_data.id
2026-02-21 18:53:54,745 [INFO] [sqlalchemy.engine.Engine] [insertmanyvalues 63/96 (ordered; batch not supported)] (1, datetime.datetime(2024, 1, 1, 15, 45), 18.0, <StatusEnum.ERSATZ: 'E'>, datetime.datetime(2026, 2, 21, 18, 53, 50, 420324))
2026-02-21 18:53:54,746 [INFO] [sqlalchemy.engine.Engine] INSERT INTO timeseries_data (id, timeseries_id, timestamp, value, status, created_at) VALUES (nextval('timeseries_data_id_seq'), $1::INTEGER, $2::DATE, $3::FLOAT, $4::VARCHAR, $5::TIMESTAMP WITHOUT TIME ZONE) RETURNING timeseries_data.id
2026-02-21 18:53:54,747 [INFO] [sqlalchemy.engine.Engine] [insertmanyvalues 64/96 (ordered; batch not supported)] (1, datetime.datetime(2024, 1, 1, 16, 0), 24.0, <StatusEnum.WAHR: 'W'>, datetime.datetime(2026, 2, 21, 18, 53, 50, 420324))
2026-02-21 18:53:54,748 [INFO] [sqlalchemy.engine.Engine] INSERT INTO timeseries_data (id, timeseries_id, timestamp, value, status, created_at) VALUES (nextval('timeseries_data_id_seq'), $1::INTEGER, $2::DATE, $3::FLOAT, $4::VARCHAR, $5::TIMESTAMP WITHOUT TIME ZONE) RETURNING timeseries_data.id
2026-02-21 18:53:54,749 [INFO] [sqlalchemy.engine.Engine] [insertmanyvalues 65/96 (ordered; batch not supported)] (1, datetime.datetime(2024, 1, 1, 16, 15), 85.0, <StatusEnum.ERSATZ: 'E'>, datetime.datetime(2026, 2, 21, 18, 53, 50, 420324))
2026-02-21 18:53:54,750 [INFO] [sqlalchemy.engine.Engine] INSERT INTO timeseries_data (id, timeseries_id, timestamp, value, status, created_at) VALUES (nextval('timeseries_data_id_seq'), $1::INTEGER, $2::DATE, $3::FLOAT, $4::VARCHAR, $5::TIMESTAMP WITHOUT TIME ZONE) RETURNING timeseries_data.id
2026-02-21 18:53:54,751 [INFO] [sqlalchemy.engine.Engine] [insertmanyvalues 66/96 (ordered; batch not supported)] (1, datetime.datetime(2024, 1, 1, 16, 30), 17.0, <StatusEnum.WAHR: 'W'>, datetime.datetime(2026, 2, 21, 18, 53, 50, 420324))
2026-02-21 18:53:54,752 [INFO] [sqlalchemy.engine.Engine] INSERT INTO timeseries_data (id, timeseries_id, timestamp, value, status, created_at) VALUES (nextval('timeseries_data_id_seq'), $1::INTEGER, $2::DATE, $3::FLOAT, $4::VARCHAR, $5::TIMESTAMP WITHOUT TIME ZONE) RETURNING timeseries_data.id
2026-02-21 18:53:54,753 [INFO] [sqlalchemy.engine.Engine] [insertmanyvalues 67/96 (ordered; batch not supported)] (1, datetime.datetime(2024, 1, 1, 16, 45), 85.0, <StatusEnum.ERSATZ: 'E'>, datetime.datetime(2026, 2, 21, 18, 53, 50, 420324))
2026-02-21 18:53:54,754 [INFO] [sqlalchemy.engine.Engine] INSERT INTO timeseries_data (id, timeseries_id, timestamp, value, status, created_at) VALUES (nextval('timeseries_data_id_seq'), $1::INTEGER, $2::DATE, $3::FLOAT, $4::VARCHAR, $5::TIMESTAMP WITHOUT TIME ZONE) RETURNING timeseries_data.id
2026-02-21 18:53:54,755 [INFO] [sqlalchemy.engine.Engine] [insertmanyvalues 68/96 (ordered; batch not supported)] (1, datetime.datetime(2024, 1, 1, 17, 0), 8.0, <StatusEnum.VORLAEUFIG: 'V'>, datetime.datetime(2026, 2, 21, 18, 53, 50, 420324))
2026-02-21 18:53:54,757 [INFO] [sqlalchemy.engine.Engine] INSERT INTO timeseries_data (id, timeseries_id, timestamp, value, status, created_at) VALUES (nextval('timeseries_data_id_seq'), $1::INTEGER, $2::DATE, $3::FLOAT, $4::VARCHAR, $5::TIMESTAMP WITHOUT TIME ZONE) RETURNING timeseries_data.id
2026-02-21 18:53:54,757 [INFO] [sqlalchemy.engine.Engine] [insertmanyvalues 69/96 (ordered; batch not supported)] (1, datetime.datetime(2024, 1, 1, 17, 15), 74.0, <StatusEnum.WAHR: 'W'>, datetime.datetime(2026, 2, 21, 18, 53, 50, 420324))
2026-02-21 18:53:54,758 [INFO] [sqlalchemy.engine.Engine] INSERT INTO timeseries_data (id, timeseries_id, timestamp, value, status, created_at) VALUES (nextval('timeseries_data_id_seq'), $1::INTEGER, $2::DATE, $3::FLOAT, $4::VARCHAR, $5::TIMESTAMP WITHOUT TIME ZONE) RETURNING timeseries_data.id
2026-02-21 18:53:54,759 [INFO] [sqlalchemy.engine.Engine] [insertmanyvalues 70/96 (ordered; batch not supported)] (1, datetime.datetime(2024, 1, 1, 17, 30), 51.0, <StatusEnum.WAHR: 'W'>, datetime.datetime(2026, 2, 21, 18, 53, 50, 420324))
2026-02-21 18:53:54,760 [INFO] [sqlalchemy.engine.Engine] INSERT INTO timeseries_data (id, timeseries_id, timestamp, value, status, created_at) VALUES (nextval('timeseries_data_id_seq'), $1::INTEGER, $2::DATE, $3::FLOAT, $4::VARCHAR, $5::TIMESTAMP WITHOUT TIME ZONE) RETURNING timeseries_data.id
2026-02-21 18:53:54,760 [INFO] [sqlalchemy.engine.Engine] [insertmanyvalues 71/96 (ordered; batch not supported)] (1, datetime.datetime(2024, 1, 1, 17, 45), 7.0, <StatusEnum.ERSATZ: 'E'>, datetime.datetime(2026, 2, 21, 18, 53, 50, 420324))
2026-02-21 18:53:54,762 [INFO] [sqlalchemy.engine.Engine] INSERT INTO timeseries_data (id, timeseries_id, timestamp, value, status, created_at) VALUES (nextval('timeseries_data_id_seq'), $1::INTEGER, $2::DATE, $3::FLOAT, $4::VARCHAR, $5::TIMESTAMP WITHOUT TIME ZONE) RETURNING timeseries_data.id
2026-02-21 18:53:54,763 [INFO] [sqlalchemy.engine.Engine] [insertmanyvalues 72/96 (ordered; batch not supported)] (1, datetime.datetime(2024, 1, 1, 18, 0), 51.0, <StatusEnum.WAHR: 'W'>, datetime.datetime(2026, 2, 21, 18, 53, 50, 420324))
2026-02-21 18:53:54,765 [INFO] [sqlalchemy.engine.Engine] INSERT INTO timeseries_data (id, timeseries_id, timestamp, value, status, created_at) VALUES (nextval('timeseries_data_id_seq'), $1::INTEGER, $2::DATE, $3::FLOAT, $4::VARCHAR, $5::TIMESTAMP WITHOUT TIME ZONE) RETURNING timeseries_data.id
2026-02-21 18:53:54,765 [INFO] [sqlalchemy.engine.Engine] [insertmanyvalues 73/96 (ordered; batch not supported)] (1, datetime.datetime(2024, 1, 1, 18, 15), 28.0, <StatusEnum.VORLAEUFIG: 'V'>, datetime.datetime(2026, 2, 21, 18, 53, 50, 420324))
2026-02-21 18:53:54,767 [INFO] [sqlalchemy.engine.Engine] INSERT INTO timeseries_data (id, timeseries_id, timestamp, value, status, created_at) VALUES (nextval('timeseries_data_id_seq'), $1::INTEGER, $2::DATE, $3::FLOAT, $4::VARCHAR, $5::TIMESTAMP WITHOUT TIME ZONE) RETURNING timeseries_data.id
2026-02-21 18:53:54,768 [INFO] [sqlalchemy.engine.Engine] [insertmanyvalues 74/96 (ordered; batch not supported)] (1, datetime.datetime(2024, 1, 1, 18, 30), 32.0, <StatusEnum.ERSATZ: 'E'>, datetime.datetime(2026, 2, 21, 18, 53, 50, 420324))
2026-02-21 18:53:54,770 [INFO] [sqlalchemy.engine.Engine] INSERT INTO timeseries_data (id, timeseries_id, timestamp, value, status, created_at) VALUES (nextval('timeseries_data_id_seq'), $1::INTEGER, $2::DATE, $3::FLOAT, $4::VARCHAR, $5::TIMESTAMP WITHOUT TIME ZONE) RETURNING timeseries_data.id
2026-02-21 18:53:54,771 [INFO] [sqlalchemy.engine.Engine] [insertmanyvalues 75/96 (ordered; batch not supported)] (1, datetime.datetime(2024, 1, 1, 18, 45), 61.0, <StatusEnum.VORLAEUFIG: 'V'>, datetime.datetime(2026, 2, 21, 18, 53, 50, 420324))
2026-02-21 18:53:54,772 [INFO] [sqlalchemy.engine.Engine] INSERT INTO timeseries_data (id, timeseries_id, timestamp, value, status, created_at) VALUES (nextval('timeseries_data_id_seq'), $1::INTEGER, $2::DATE, $3::FLOAT, $4::VARCHAR, $5::TIMESTAMP WITHOUT TIME ZONE) RETURNING timeseries_data.id
2026-02-21 18:53:54,773 [INFO] [sqlalchemy.engine.Engine] [insertmanyvalues 76/96 (ordered; batch not supported)] (1, datetime.datetime(2024, 1, 1, 19, 0), 54.0, <StatusEnum.ERSATZ: 'E'>, datetime.datetime(2026, 2, 21, 18, 53, 50, 420324))
2026-02-21 18:53:54,774 [INFO] [sqlalchemy.engine.Engine] INSERT INTO timeseries_data (id, timeseries_id, timestamp, value, status, created_at) VALUES (nextval('timeseries_data_id_seq'), $1::INTEGER, $2::DATE, $3::FLOAT, $4::VARCHAR, $5::TIMESTAMP WITHOUT TIME ZONE) RETURNING timeseries_data.id
2026-02-21 18:53:54,775 [INFO] [sqlalchemy.engine.Engine] [insertmanyvalues 77/96 (ordered; batch not supported)] (1, datetime.datetime(2024, 1, 1, 19, 15), 67.0, <StatusEnum.VORLAEUFIG: 'V'>, datetime.datetime(2026, 2, 21, 18, 53, 50, 420324))
2026-02-21 18:53:54,776 [INFO] [sqlalchemy.engine.Engine] INSERT INTO timeseries_data (id, timeseries_id, timestamp, value, status, created_at) VALUES (nextval('timeseries_data_id_seq'), $1::INTEGER, $2::DATE, $3::FLOAT, $4::VARCHAR, $5::TIMESTAMP WITHOUT TIME ZONE) RETURNING timeseries_data.id
2026-02-21 18:53:54,776 [INFO] [sqlalchemy.engine.Engine] [insertmanyvalues 78/96 (ordered; batch not supported)] (1, datetime.datetime(2024, 1, 1, 19, 30), 37.0, <StatusEnum.ERSATZ: 'E'>, datetime.datetime(2026, 2, 21, 18, 53, 50, 420324))
2026-02-21 18:53:54,778 [INFO] [sqlalchemy.engine.Engine] INSERT INTO timeseries_data (id, timeseries_id, timestamp, value, status, created_at) VALUES (nextval('timeseries_data_id_seq'), $1::INTEGER, $2::DATE, $3::FLOAT, $4::VARCHAR, $5::TIMESTAMP WITHOUT TIME ZONE) RETURNING timeseries_data.id
2026-02-21 18:53:54,779 [INFO] [sqlalchemy.engine.Engine] [insertmanyvalues 79/96 (ordered; batch not supported)] (1, datetime.datetime(2024, 1, 1, 19, 45), 61.0, <StatusEnum.VORLAEUFIG: 'V'>, datetime.datetime(2026, 2, 21, 18, 53, 50, 420324))
2026-02-21 18:53:54,781 [INFO] [sqlalchemy.engine.Engine] INSERT INTO timeseries_data (id, timeseries_id, timestamp, value, status, created_at) VALUES (nextval('timeseries_data_id_seq'), $1::INTEGER, $2::DATE, $3::FLOAT, $4::VARCHAR, $5::TIMESTAMP WITHOUT TIME ZONE) RETURNING timeseries_data.id
2026-02-21 18:53:54,781 [INFO] [sqlalchemy.engine.Engine] [insertmanyvalues 80/96 (ordered; batch not supported)] (1, datetime.datetime(2024, 1, 1, 20, 0), 35.0, <StatusEnum.VORLAEUFIG: 'V'>, datetime.datetime(2026, 2, 21, 18, 53, 50, 420324))
2026-02-21 18:53:54,783 [INFO] [sqlalchemy.engine.Engine] INSERT INTO timeseries_data (id, timeseries_id, timestamp, value, status, created_at) VALUES (nextval('timeseries_data_id_seq'), $1::INTEGER, $2::DATE, $3::FLOAT, $4::VARCHAR, $5::TIMESTAMP WITHOUT TIME ZONE) RETURNING timeseries_data.id
2026-02-21 18:53:54,783 [INFO] [sqlalchemy.engine.Engine] [insertmanyvalues 81/96 (ordered; batch not supported)] (1, datetime.datetime(2024, 1, 1, 20, 15), 55.0, <StatusEnum.WAHR: 'W'>, datetime.datetime(2026, 2, 21, 18, 53, 50, 420324))
2026-02-21 18:53:54,784 [INFO] [sqlalchemy.engine.Engine] INSERT INTO timeseries_data (id, timeseries_id, timestamp, value, status, created_at) VALUES (nextval('timeseries_data_id_seq'), $1::INTEGER, $2::DATE, $3::FLOAT, $4::VARCHAR, $5::TIMESTAMP WITHOUT TIME ZONE) RETURNING timeseries_data.id
2026-02-21 18:53:54,785 [INFO] [sqlalchemy.engine.Engine] [insertmanyvalues 82/96 (ordered; batch not supported)] (1, datetime.datetime(2024, 1, 1, 20, 30), 26.0, <StatusEnum.WAHR: 'W'>, datetime.datetime(2026, 2, 21, 18, 53, 50, 420324))
2026-02-21 18:53:54,786 [INFO] [sqlalchemy.engine.Engine] INSERT INTO timeseries_data (id, timeseries_id, timestamp, value, status, created_at) VALUES (nextval('timeseries_data_id_seq'), $1::INTEGER, $2::DATE, $3::FLOAT, $4::VARCHAR, $5::TIMESTAMP WITHOUT TIME ZONE) RETURNING timeseries_data.id
2026-02-21 18:53:54,787 [INFO] [sqlalchemy.engine.Engine] [insertmanyvalues 83/96 (ordered; batch not supported)] (1, datetime.datetime(2024, 1, 1, 20, 45), 46.0, <StatusEnum.WAHR: 'W'>, datetime.datetime(2026, 2, 21, 18, 53, 50, 420324))
2026-02-21 18:53:54,788 [INFO] [sqlalchemy.engine.Engine] INSERT INTO timeseries_data (id, timeseries_id, timestamp, value, status, created_at) VALUES (nextval('timeseries_data_id_seq'), $1::INTEGER, $2::DATE, $3::FLOAT, $4::VARCHAR, $5::TIMESTAMP WITHOUT TIME ZONE) RETURNING timeseries_data.id
2026-02-21 18:53:54,789 [INFO] [sqlalchemy.engine.Engine] [insertmanyvalues 84/96 (ordered; batch not supported)] (1, datetime.datetime(2024, 1, 1, 21, 0), 35.0, <StatusEnum.VORLAEUFIG: 'V'>, datetime.datetime(2026, 2, 21, 18, 53, 50, 420324))
2026-02-21 18:53:54,790 [INFO] [sqlalchemy.engine.Engine] INSERT INTO timeseries_data (id, timeseries_id, timestamp, value, status, created_at) VALUES (nextval('timeseries_data_id_seq'), $1::INTEGER, $2::DATE, $3::FLOAT, $4::VARCHAR, $5::TIMESTAMP WITHOUT TIME ZONE) RETURNING timeseries_data.id
2026-02-21 18:53:54,790 [INFO] [sqlalchemy.engine.Engine] [insertmanyvalues 85/96 (ordered; batch not supported)] (1, datetime.datetime(2024, 1, 1, 21, 15), 43.0, <StatusEnum.ERSATZ: 'E'>, datetime.datetime(2026, 2, 21, 18, 53, 50, 420324))
2026-02-21 18:53:54,792 [INFO] [sqlalchemy.engine.Engine] INSERT INTO timeseries_data (id, timeseries_id, timestamp, value, status, created_at) VALUES (nextval('timeseries_data_id_seq'), $1::INTEGER, $2::DATE, $3::FLOAT, $4::VARCHAR, $5::TIMESTAMP WITHOUT TIME ZONE) RETURNING timeseries_data.id
2026-02-21 18:53:54,792 [INFO] [sqlalchemy.engine.Engine] [insertmanyvalues 86/96 (ordered; batch not supported)] (1, datetime.datetime(2024, 1, 1, 21, 30), 56.0, <StatusEnum.ERSATZ: 'E'>, datetime.datetime(2026, 2, 21, 18, 53, 50, 420324))
2026-02-21 18:53:54,793 [INFO] [sqlalchemy.engine.Engine] INSERT INTO timeseries_data (id, timeseries_id, timestamp, value, status, created_at) VALUES (nextval('timeseries_data_id_seq'), $1::INTEGER, $2::DATE, $3::FLOAT, $4::VARCHAR, $5::TIMESTAMP WITHOUT TIME ZONE) RETURNING timeseries_data.id
2026-02-21 18:53:54,794 [INFO] [sqlalchemy.engine.Engine] [insertmanyvalues 87/96 (ordered; batch not supported)] (1, datetime.datetime(2024, 1, 1, 21, 45), 23.0, <StatusEnum.VORLAEUFIG: 'V'>, datetime.datetime(2026, 2, 21, 18, 53, 50, 420324))
2026-02-21 18:53:54,795 [INFO] [sqlalchemy.engine.Engine] INSERT INTO timeseries_data (id, timeseries_id, timestamp, value, status, created_at) VALUES (nextval('timeseries_data_id_seq'), $1::INTEGER, $2::DATE, $3::FLOAT, $4::VARCHAR, $5::TIMESTAMP WITHOUT TIME ZONE) RETURNING timeseries_data.id
2026-02-21 18:53:54,796 [INFO] [sqlalchemy.engine.Engine] [insertmanyvalues 88/96 (ordered; batch not supported)] (1, datetime.datetime(2024, 1, 1, 22, 0), 21.0, <StatusEnum.VORLAEUFIG: 'V'>, datetime.datetime(2026, 2, 21, 18, 53, 50, 420324))
2026-02-21 18:53:54,797 [INFO] [sqlalchemy.engine.Engine] INSERT INTO timeseries_data (id, timeseries_id, timestamp, value, status, created_at) VALUES (nextval('timeseries_data_id_seq'), $1::INTEGER, $2::DATE, $3::FLOAT, $4::VARCHAR, $5::TIMESTAMP WITHOUT TIME ZONE) RETURNING timeseries_data.id
2026-02-21 18:53:54,797 [INFO] [sqlalchemy.engine.Engine] [insertmanyvalues 89/96 (ordered; batch not supported)] (1, datetime.datetime(2024, 1, 1, 22, 15), 3.0, <StatusEnum.WAHR: 'W'>, datetime.datetime(2026, 2, 21, 18, 53, 50, 420324))
2026-02-21 18:53:54,799 [INFO] [sqlalchemy.engine.Engine] INSERT INTO timeseries_data (id, timeseries_id, timestamp, value, status, created_at) VALUES (nextval('timeseries_data_id_seq'), $1::INTEGER, $2::DATE, $3::FLOAT, $4::VARCHAR, $5::TIMESTAMP WITHOUT TIME ZONE) RETURNING timeseries_data.id
2026-02-21 18:53:54,799 [INFO] [sqlalchemy.engine.Engine] [insertmanyvalues 90/96 (ordered; batch not supported)] (1, datetime.datetime(2024, 1, 1, 22, 30), 94.0, <StatusEnum.VORLAEUFIG: 'V'>, datetime.datetime(2026, 2, 21, 18, 53, 50, 420324))
2026-02-21 18:53:54,801 [INFO] [sqlalchemy.engine.Engine] INSERT INTO timeseries_data (id, timeseries_id, timestamp, value, status, created_at) VALUES (nextval('timeseries_data_id_seq'), $1::INTEGER, $2::DATE, $3::FLOAT, $4::VARCHAR, $5::TIMESTAMP WITHOUT TIME ZONE) RETURNING timeseries_data.id
2026-02-21 18:53:54,801 [INFO] [sqlalchemy.engine.Engine] [insertmanyvalues 91/96 (ordered; batch not supported)] (1, datetime.datetime(2024, 1, 1, 22, 45), 7.0, <StatusEnum.ERSATZ: 'E'>, datetime.datetime(2026, 2, 21, 18, 53, 50, 420324))
2026-02-21 18:53:54,803 [INFO] [sqlalchemy.engine.Engine] INSERT INTO timeseries_data (id, timeseries_id, timestamp, value, status, created_at) VALUES (nextval('timeseries_data_id_seq'), $1::INTEGER, $2::DATE, $3::FLOAT, $4::VARCHAR, $5::TIMESTAMP WITHOUT TIME ZONE) RETURNING timeseries_data.id
2026-02-21 18:53:54,803 [INFO] [sqlalchemy.engine.Engine] [insertmanyvalues 92/96 (ordered; batch not supported)] (1, datetime.datetime(2024, 1, 1, 23, 0), 66.0, <StatusEnum.WAHR: 'W'>, datetime.datetime(2026, 2, 21, 18, 53, 50, 420324))
2026-02-21 18:53:54,805 [INFO] [sqlalchemy.engine.Engine] INSERT INTO timeseries_data (id, timeseries_id, timestamp, value, status, created_at) VALUES (nextval('timeseries_data_id_seq'), $1::INTEGER, $2::DATE, $3::FLOAT, $4::VARCHAR, $5::TIMESTAMP WITHOUT TIME ZONE) RETURNING timeseries_data.id
2026-02-21 18:53:54,805 [INFO] [sqlalchemy.engine.Engine] [insertmanyvalues 93/96 (ordered; batch not supported)] (1, datetime.datetime(2024, 1, 1, 23, 15), 99.0, <StatusEnum.VORLAEUFIG: 'V'>, datetime.datetime(2026, 2, 21, 18, 53, 50, 420324))
2026-02-21 18:53:54,807 [INFO] [sqlalchemy.engine.Engine] INSERT INTO timeseries_data (id, timeseries_id, timestamp, value, status, created_at) VALUES (nextval('timeseries_data_id_seq'), $1::INTEGER, $2::DATE, $3::FLOAT, $4::VARCHAR, $5::TIMESTAMP WITHOUT TIME ZONE) RETURNING timeseries_data.id
2026-02-21 18:53:54,807 [INFO] [sqlalchemy.engine.Engine] [insertmanyvalues 94/96 (ordered; batch not supported)] (1, datetime.datetime(2024, 1, 1, 23, 30), 44.0, <StatusEnum.VORLAEUFIG: 'V'>, datetime.datetime(2026, 2, 21, 18, 53, 50, 420324))
2026-02-21 18:53:54,809 [INFO] [sqlalchemy.engine.Engine] INSERT INTO timeseries_data (id, timeseries_id, timestamp, value, status, created_at) VALUES (nextval('timeseries_data_id_seq'), $1::INTEGER, $2::DATE, $3::FLOAT, $4::VARCHAR, $5::TIMESTAMP WITHOUT TIME ZONE) RETURNING timeseries_data.id
2026-02-21 18:53:54,809 [INFO] [sqlalchemy.engine.Engine] [insertmanyvalues 95/96 (ordered; batch not supported)] (1, datetime.datetime(2024, 1, 1, 23, 45), 2.0, <StatusEnum.ERSATZ: 'E'>, datetime.datetime(2026, 2, 21, 18, 53, 50, 420324))
2026-02-21 18:53:54,810 [INFO] [sqlalchemy.engine.Engine] INSERT INTO timeseries_data (id, timeseries_id, timestamp, value, status, created_at) VALUES (nextval('timeseries_data_id_seq'), $1::INTEGER, $2::DATE, $3::FLOAT, $4::VARCHAR, $5::TIMESTAMP WITHOUT TIME ZONE) RETURNING timeseries_data.id
2026-02-21 18:53:54,811 [INFO] [sqlalchemy.engine.Engine] [insertmanyvalues 96/96 (ordered; batch not supported)] (1, datetime.datetime(2024, 1, 2, 0, 0), 59.0, <StatusEnum.VORLAEUFIG: 'V'>, datetime.datetime(2026, 2, 21, 18, 53, 50, 420324))
2026-02-21 18:53:54,826 [INFO] [sqlalchemy.engine.Engine] COMMIT
2026-02-21 18:54:48,123 [INFO] [sqlalchemy.engine.Engine] select pg_catalog.version()
2026-02-21 18:54:48,123 [INFO] [sqlalchemy.engine.Engine] [raw sql] ()
2026-02-21 18:54:48,129 [INFO] [sqlalchemy.engine.Engine] select current_schema()
2026-02-21 18:54:48,129 [INFO] [sqlalchemy.engine.Engine] [raw sql] ()
2026-02-21 18:54:48,131 [INFO] [sqlalchemy.engine.Engine] show standard_conforming_strings
2026-02-21 18:54:48,131 [INFO] [sqlalchemy.engine.Engine] [raw sql] ()
2026-02-21 18:54:48,133 [INFO] [sqlalchemy.engine.Engine] BEGIN (implicit)
2026-02-21 18:54:48,135 [INFO] [sqlalchemy.engine.Engine] SELECT pg_catalog.pg_class.relname 
FROM pg_catalog.pg_class JOIN pg_catalog.pg_namespace ON pg_catalog.pg_namespace.oid = pg_catalog.pg_class.relnamespace 
WHERE pg_catalog.pg_class.relname = $1::VARCHAR AND pg_catalog.pg_class.relkind = ANY (ARRAY[$2::VARCHAR, $3::VARCHAR, $4::VARCHAR, $5::VARCHAR, $6::VARCHAR]) AND pg_catalog.pg_table_is_visible(pg_catalog.pg_class.oid) AND pg_catalog.pg_namespace.nspname != $7::VARCHAR
2026-02-21 18:54:48,135 [INFO] [sqlalchemy.engine.Engine] [generated in 0.00030s] ('timeseries', 'r', 'p', 'f', 'v', 'm', 'pg_catalog')
2026-02-21 18:54:48,141 [INFO] [sqlalchemy.engine.Engine] SELECT pg_catalog.pg_class.relname 
FROM pg_catalog.pg_class JOIN pg_catalog.pg_namespace ON pg_catalog.pg_namespace.oid = pg_catalog.pg_class.relnamespace 
WHERE pg_catalog.pg_class.relname = $1::VARCHAR AND pg_catalog.pg_class.relkind = ANY (ARRAY[$2::VARCHAR, $3::VARCHAR, $4::VARCHAR, $5::VARCHAR, $6::VARCHAR]) AND pg_catalog.pg_table_is_visible(pg_catalog.pg_class.oid) AND pg_catalog.pg_namespace.nspname != $7::VARCHAR
2026-02-21 18:54:48,141 [INFO] [sqlalchemy.engine.Engine] [cached since 0.006091s ago] ('timeseries_data', 'r', 'p', 'f', 'v', 'm', 'pg_catalog')
2026-02-21 18:54:48,142 [INFO] [sqlalchemy.engine.Engine] SELECT pg_catalog.pg_class.relname 
FROM pg_catalog.pg_class JOIN pg_catalog.pg_namespace ON pg_catalog.pg_namespace.oid = pg_catalog.pg_class.relnamespace 
WHERE pg_catalog.pg_class.relkind = $1::CHAR AND pg_catalog.pg_class.relname = $2::VARCHAR AND pg_catalog.pg_table_is_visible(pg_catalog.pg_class.oid) AND pg_catalog.pg_namespace.nspname != $3::VARCHAR
2026-02-21 18:54:48,143 [INFO] [sqlalchemy.engine.Engine] [generated in 0.00028s] ('S', 'timeseries_id_seq', 'pg_catalog')
2026-02-21 18:54:48,144 [INFO] [sqlalchemy.engine.Engine] SELECT pg_catalog.pg_class.relname 
FROM pg_catalog.pg_class JOIN pg_catalog.pg_namespace ON pg_catalog.pg_namespace.oid = pg_catalog.pg_class.relnamespace 
WHERE pg_catalog.pg_class.relkind = $1::CHAR AND pg_catalog.pg_class.relname = $2::VARCHAR AND pg_catalog.pg_table_is_visible(pg_catalog.pg_class.oid) AND pg_catalog.pg_namespace.nspname != $3::VARCHAR
2026-02-21 18:54:48,144 [INFO] [sqlalchemy.engine.Engine] [cached since 0.001863s ago] ('S', 'timeseries_data_id_seq', 'pg_catalog')
2026-02-21 18:54:48,145 [INFO] [sqlalchemy.engine.Engine] 
DROP TABLE timeseries_data
2026-02-21 18:54:48,145 [INFO] [sqlalchemy.engine.Engine] [no key 0.00024s] ()
2026-02-21 18:54:48,165 [INFO] [sqlalchemy.engine.Engine] 
DROP TABLE timeseries
2026-02-21 18:54:48,166 [INFO] [sqlalchemy.engine.Engine] [no key 0.00044s] ()
2026-02-21 18:54:48,169 [INFO] [sqlalchemy.engine.Engine] SELECT pg_catalog.pg_class.relname 
FROM pg_catalog.pg_class JOIN pg_catalog.pg_namespace ON pg_catalog.pg_namespace.oid = pg_catalog.pg_class.relnamespace 
WHERE pg_catalog.pg_class.relkind = $1::CHAR AND pg_catalog.pg_class.relname = $2::VARCHAR AND pg_catalog.pg_table_is_visible(pg_catalog.pg_class.oid) AND pg_catalog.pg_namespace.nspname != $3::VARCHAR
2026-02-21 18:54:48,169 [INFO] [sqlalchemy.engine.Engine] [cached since 0.02673s ago] ('S', 'timeseries_id_seq', 'pg_catalog')
2026-02-21 18:54:48,171 [INFO] [sqlalchemy.engine.Engine] DROP SEQUENCE timeseries_id_seq
2026-02-21 18:54:48,171 [INFO] [sqlalchemy.engine.Engine] [no key 0.00017s] ()
2026-02-21 18:54:48,173 [INFO] [sqlalchemy.engine.Engine] SELECT pg_catalog.pg_class.relname 
FROM pg_catalog.pg_class JOIN pg_catalog.pg_namespace ON pg_catalog.pg_namespace.oid = pg_catalog.pg_class.relnamespace 
WHERE pg_catalog.pg_class.relkind = $1::CHAR AND pg_catalog.pg_class.relname = $2::VARCHAR AND pg_catalog.pg_table_is_visible(pg_catalog.pg_class.oid) AND pg_catalog.pg_namespace.nspname != $3::VARCHAR
2026-02-21 18:54:48,173 [INFO] [sqlalchemy.engine.Engine] [cached since 0.03047s ago] ('S', 'timeseries_data_id_seq', 'pg_catalog')
2026-02-21 18:54:48,174 [INFO] [sqlalchemy.engine.Engine] DROP SEQUENCE timeseries_data_id_seq
2026-02-21 18:54:48,174 [INFO] [sqlalchemy.engine.Engine] [no key 0.00019s] ()
2026-02-21 18:54:48,176 [INFO] [sqlalchemy.engine.Engine] SELECT pg_catalog.pg_class.relname 
FROM pg_catalog.pg_class JOIN pg_catalog.pg_namespace ON pg_catalog.pg_namespace.oid = pg_catalog.pg_class.relnamespace 
WHERE pg_catalog.pg_class.relname = $1::VARCHAR AND pg_catalog.pg_class.relkind = ANY (ARRAY[$2::VARCHAR, $3::VARCHAR, $4::VARCHAR, $5::VARCHAR, $6::VARCHAR]) AND pg_catalog.pg_table_is_visible(pg_catalog.pg_class.oid) AND pg_catalog.pg_namespace.nspname != $7::VARCHAR
2026-02-21 18:54:48,176 [INFO] [sqlalchemy.engine.Engine] [cached since 0.04097s ago] ('timeseries', 'r', 'p', 'f', 'v', 'm', 'pg_catalog')
2026-02-21 18:54:48,177 [INFO] [sqlalchemy.engine.Engine] SELECT pg_catalog.pg_class.relname 
FROM pg_catalog.pg_class JOIN pg_catalog.pg_namespace ON pg_catalog.pg_namespace.oid = pg_catalog.pg_class.relnamespace 
WHERE pg_catalog.pg_class.relname = $1::VARCHAR AND pg_catalog.pg_class.relkind = ANY (ARRAY[$2::VARCHAR, $3::VARCHAR, $4::VARCHAR, $5::VARCHAR, $6::VARCHAR]) AND pg_catalog.pg_table_is_visible(pg_catalog.pg_class.oid) AND pg_catalog.pg_namespace.nspname != $7::VARCHAR
2026-02-21 18:54:48,177 [INFO] [sqlalchemy.engine.Engine] [cached since 0.04239s ago] ('timeseries_data', 'r', 'p', 'f', 'v', 'm', 'pg_catalog')
2026-02-21 18:54:48,178 [INFO] [sqlalchemy.engine.Engine] SELECT pg_catalog.pg_class.relname 
FROM pg_catalog.pg_class JOIN pg_catalog.pg_namespace ON pg_catalog.pg_namespace.oid = pg_catalog.pg_class.relnamespace 
WHERE pg_catalog.pg_class.relkind = $1::CHAR AND pg_catalog.pg_class.relname = $2::VARCHAR AND pg_catalog.pg_table_is_visible(pg_catalog.pg_class.oid) AND pg_catalog.pg_namespace.nspname != $3::VARCHAR
2026-02-21 18:54:48,179 [INFO] [sqlalchemy.engine.Engine] [cached since 0.03623s ago] ('S', 'timeseries_id_seq', 'pg_catalog')
2026-02-21 18:54:48,181 [INFO] [sqlalchemy.engine.Engine] CREATE SEQUENCE timeseries_id_seq
2026-02-21 18:54:48,181 [INFO] [sqlalchemy.engine.Engine] [no key 0.00018s] ()
2026-02-21 18:54:48,183 [INFO] [sqlalchemy.engine.Engine] 
CREATE TABLE timeseries (
	id INTEGER NOT NULL, 
	name VARCHAR(50) NOT NULL, 
	description VARCHAR(100), 
	CONSTRAINT pk_timeseries_id PRIMARY KEY (id)
)


2026-02-21 18:54:48,183 [INFO] [sqlalchemy.engine.Engine] [no key 0.00059s] ()
2026-02-21 18:54:48,189 [INFO] [sqlalchemy.engine.Engine] SELECT pg_catalog.pg_class.relname 
FROM pg_catalog.pg_class JOIN pg_catalog.pg_namespace ON pg_catalog.pg_namespace.oid = pg_catalog.pg_class.relnamespace 
WHERE pg_catalog.pg_class.relkind = $1::CHAR AND pg_catalog.pg_class.relname = $2::VARCHAR AND pg_catalog.pg_table_is_visible(pg_catalog.pg_class.oid) AND pg_catalog.pg_namespace.nspname != $3::VARCHAR
2026-02-21 18:54:48,190 [INFO] [sqlalchemy.engine.Engine] [cached since 0.04745s ago] ('S', 'timeseries_data_id_seq', 'pg_catalog')
2026-02-21 18:54:48,191 [INFO] [sqlalchemy.engine.Engine] CREATE SEQUENCE timeseries_data_id_seq
2026-02-21 18:54:48,191 [INFO] [sqlalchemy.engine.Engine] [no key 0.00018s] ()
2026-02-21 18:54:48,193 [INFO] [sqlalchemy.engine.Engine] 
CREATE TABLE timeseries_data (
	id INTEGER NOT NULL, 
	timeseries_id INTEGER NOT NULL, 
	timestamp DATE NOT NULL, 
	value FLOAT NOT NULL, 
	status VARCHAR(1) NOT NULL, 
	created_at TIMESTAMP WITHOUT TIME ZONE NOT NULL, 
	CONSTRAINT pk_timeseries_data_id PRIMARY KEY (id, timestamp), 
	CONSTRAINT fk_timeseries_data_timeseries_id FOREIGN KEY(timeseries_id) REFERENCES timeseries (id)
)


2026-02-21 18:54:48,194 [INFO] [sqlalchemy.engine.Engine] [no key 0.00041s] ()
2026-02-21 18:54:48,199 [INFO] [sqlalchemy.engine.Engine] 
            SELECT create_hypertable(
                'timeseries_data',
                'timestamp',
                chunk_time_interval => INTERVAL '1 day',
                if_not_exists => TRUE
            );
            
2026-02-21 18:54:48,200 [INFO] [sqlalchemy.engine.Engine] [no key 0.00033s] ()
2026-02-21 18:54:48,206 [INFO] [sqlalchemy.engine.Engine] COMMIT
2026-02-21 18:55:19,385 [INFO] [sqlalchemy.engine.Engine] BEGIN (implicit)
2026-02-21 18:55:19,387 [INFO] [sqlalchemy.engine.Engine] INSERT INTO timeseries (id, name, description) VALUES (nextval('timeseries_id_seq'), $1::VARCHAR, $2::VARCHAR) RETURNING timeseries.id
2026-02-21 18:55:19,387 [INFO] [sqlalchemy.engine.Engine] [generated in 0.00053s] ('timeseries_data', None)
2026-02-21 18:55:19,406 [INFO] [sqlalchemy.engine.Engine] SELECT timeseries.id, timeseries.name, timeseries.description 
FROM timeseries 
WHERE timeseries.id = $1::INTEGER
2026-02-21 18:55:19,406 [INFO] [sqlalchemy.engine.Engine] [generated in 0.00054s] (1,)
2026-02-21 18:55:19,409 [DEBUG] [src.services.timeseries_service] Created timeseries with ID: 1
2026-02-21 18:55:19,412 [INFO] [sqlalchemy.engine.Engine] INSERT INTO timeseries_data (id, timeseries_id, timestamp, value, status, created_at) VALUES (nextval('timeseries_data_id_seq'), $1::INTEGER, $2::DATE, $3::FLOAT, $4::VARCHAR, $5::TIMESTAMP WITHOUT TIME ZONE) RETURNING timeseries_data.id
2026-02-21 18:55:19,413 [INFO] [sqlalchemy.engine.Engine] [generated in 0.00025s (insertmanyvalues) 1/96 (ordered; batch not supported)] (1, datetime.datetime(2024, 1, 1, 0, 15), 21.0, <StatusEnum.ERSATZ: 'E'>, datetime.datetime(2026, 2, 21, 18, 54, 48, 72171))
2026-02-21 18:55:19,436 [INFO] [sqlalchemy.engine.Engine] INSERT INTO timeseries_data (id, timeseries_id, timestamp, value, status, created_at) VALUES (nextval('timeseries_data_id_seq'), $1::INTEGER, $2::DATE, $3::FLOAT, $4::VARCHAR, $5::TIMESTAMP WITHOUT TIME ZONE) RETURNING timeseries_data.id
2026-02-21 18:55:19,437 [INFO] [sqlalchemy.engine.Engine] [insertmanyvalues 2/96 (ordered; batch not supported)] (1, datetime.datetime(2024, 1, 1, 0, 30), 3.0, <StatusEnum.VORLAEUFIG: 'V'>, datetime.datetime(2026, 2, 21, 18, 54, 48, 72171))
2026-02-21 18:55:19,439 [INFO] [sqlalchemy.engine.Engine] INSERT INTO timeseries_data (id, timeseries_id, timestamp, value, status, created_at) VALUES (nextval('timeseries_data_id_seq'), $1::INTEGER, $2::DATE, $3::FLOAT, $4::VARCHAR, $5::TIMESTAMP WITHOUT TIME ZONE) RETURNING timeseries_data.id
2026-02-21 18:55:19,439 [INFO] [sqlalchemy.engine.Engine] [insertmanyvalues 3/96 (ordered; batch not supported)] (1, datetime.datetime(2024, 1, 1, 0, 45), 87.0, <StatusEnum.WAHR: 'W'>, datetime.datetime(2026, 2, 21, 18, 54, 48, 72171))
2026-02-21 18:55:19,440 [INFO] [sqlalchemy.engine.Engine] INSERT INTO timeseries_data (id, timeseries_id, timestamp, value, status, created_at) VALUES (nextval('timeseries_data_id_seq'), $1::INTEGER, $2::DATE, $3::FLOAT, $4::VARCHAR, $5::TIMESTAMP WITHOUT TIME ZONE) RETURNING timeseries_data.id
2026-02-21 18:55:19,441 [INFO] [sqlalchemy.engine.Engine] [insertmanyvalues 4/96 (ordered; batch not supported)] (1, datetime.datetime(2024, 1, 1, 1, 0), 21.0, <StatusEnum.WAHR: 'W'>, datetime.datetime(2026, 2, 21, 18, 54, 48, 72171))
2026-02-21 18:55:19,442 [INFO] [sqlalchemy.engine.Engine] INSERT INTO timeseries_data (id, timeseries_id, timestamp, value, status, created_at) VALUES (nextval('timeseries_data_id_seq'), $1::INTEGER, $2::DATE, $3::FLOAT, $4::VARCHAR, $5::TIMESTAMP WITHOUT TIME ZONE) RETURNING timeseries_data.id
2026-02-21 18:55:19,442 [INFO] [sqlalchemy.engine.Engine] [insertmanyvalues 5/96 (ordered; batch not supported)] (1, datetime.datetime(2024, 1, 1, 1, 15), 66.0, <StatusEnum.VORLAEUFIG: 'V'>, datetime.datetime(2026, 2, 21, 18, 54, 48, 72171))
2026-02-21 18:55:19,444 [INFO] [sqlalchemy.engine.Engine] INSERT INTO timeseries_data (id, timeseries_id, timestamp, value, status, created_at) VALUES (nextval('timeseries_data_id_seq'), $1::INTEGER, $2::DATE, $3::FLOAT, $4::VARCHAR, $5::TIMESTAMP WITHOUT TIME ZONE) RETURNING timeseries_data.id
2026-02-21 18:55:19,444 [INFO] [sqlalchemy.engine.Engine] [insertmanyvalues 6/96 (ordered; batch not supported)] (1, datetime.datetime(2024, 1, 1, 1, 30), 52.0, <StatusEnum.ERSATZ: 'E'>, datetime.datetime(2026, 2, 21, 18, 54, 48, 72171))
2026-02-21 18:55:19,446 [INFO] [sqlalchemy.engine.Engine] INSERT INTO timeseries_data (id, timeseries_id, timestamp, value, status, created_at) VALUES (nextval('timeseries_data_id_seq'), $1::INTEGER, $2::DATE, $3::FLOAT, $4::VARCHAR, $5::TIMESTAMP WITHOUT TIME ZONE) RETURNING timeseries_data.id
2026-02-21 18:55:19,446 [INFO] [sqlalchemy.engine.Engine] [insertmanyvalues 7/96 (ordered; batch not supported)] (1, datetime.datetime(2024, 1, 1, 1, 45), 89.0, <StatusEnum.WAHR: 'W'>, datetime.datetime(2026, 2, 21, 18, 54, 48, 72171))
2026-02-21 18:55:19,447 [INFO] [sqlalchemy.engine.Engine] INSERT INTO timeseries_data (id, timeseries_id, timestamp, value, status, created_at) VALUES (nextval('timeseries_data_id_seq'), $1::INTEGER, $2::DATE, $3::FLOAT, $4::VARCHAR, $5::TIMESTAMP WITHOUT TIME ZONE) RETURNING timeseries_data.id
2026-02-21 18:55:19,448 [INFO] [sqlalchemy.engine.Engine] [insertmanyvalues 8/96 (ordered; batch not supported)] (1, datetime.datetime(2024, 1, 1, 2, 0), 38.0, <StatusEnum.WAHR: 'W'>, datetime.datetime(2026, 2, 21, 18, 54, 48, 72171))
2026-02-21 18:55:19,449 [INFO] [sqlalchemy.engine.Engine] INSERT INTO timeseries_data (id, timeseries_id, timestamp, value, status, created_at) VALUES (nextval('timeseries_data_id_seq'), $1::INTEGER, $2::DATE, $3::FLOAT, $4::VARCHAR, $5::TIMESTAMP WITHOUT TIME ZONE) RETURNING timeseries_data.id
2026-02-21 18:55:19,449 [INFO] [sqlalchemy.engine.Engine] [insertmanyvalues 9/96 (ordered; batch not supported)] (1, datetime.datetime(2024, 1, 1, 2, 15), 67.0, <StatusEnum.VORLAEUFIG: 'V'>, datetime.datetime(2026, 2, 21, 18, 54, 48, 72171))
2026-02-21 18:55:19,451 [INFO] [sqlalchemy.engine.Engine] INSERT INTO timeseries_data (id, timeseries_id, timestamp, value, status, created_at) VALUES (nextval('timeseries_data_id_seq'), $1::INTEGER, $2::DATE, $3::FLOAT, $4::VARCHAR, $5::TIMESTAMP WITHOUT TIME ZONE) RETURNING timeseries_data.id
2026-02-21 18:55:19,451 [INFO] [sqlalchemy.engine.Engine] [insertmanyvalues 10/96 (ordered; batch not supported)] (1, datetime.datetime(2024, 1, 1, 2, 30), 31.0, <StatusEnum.VORLAEUFIG: 'V'>, datetime.datetime(2026, 2, 21, 18, 54, 48, 72171))
2026-02-21 18:55:19,452 [INFO] [sqlalchemy.engine.Engine] INSERT INTO timeseries_data (id, timeseries_id, timestamp, value, status, created_at) VALUES (nextval('timeseries_data_id_seq'), $1::INTEGER, $2::DATE, $3::FLOAT, $4::VARCHAR, $5::TIMESTAMP WITHOUT TIME ZONE) RETURNING timeseries_data.id
2026-02-21 18:55:19,452 [INFO] [sqlalchemy.engine.Engine] [insertmanyvalues 11/96 (ordered; batch not supported)] (1, datetime.datetime(2024, 1, 1, 2, 45), 51.0, <StatusEnum.VORLAEUFIG: 'V'>, datetime.datetime(2026, 2, 21, 18, 54, 48, 72171))
2026-02-21 18:55:19,453 [INFO] [sqlalchemy.engine.Engine] INSERT INTO timeseries_data (id, timeseries_id, timestamp, value, status, created_at) VALUES (nextval('timeseries_data_id_seq'), $1::INTEGER, $2::DATE, $3::FLOAT, $4::VARCHAR, $5::TIMESTAMP WITHOUT TIME ZONE) RETURNING timeseries_data.id
2026-02-21 18:55:19,454 [INFO] [sqlalchemy.engine.Engine] [insertmanyvalues 12/96 (ordered; batch not supported)] (1, datetime.datetime(2024, 1, 1, 3, 0), 70.0, <StatusEnum.ERSATZ: 'E'>, datetime.datetime(2026, 2, 21, 18, 54, 48, 72171))
2026-02-21 18:55:19,455 [INFO] [sqlalchemy.engine.Engine] INSERT INTO timeseries_data (id, timeseries_id, timestamp, value, status, created_at) VALUES (nextval('timeseries_data_id_seq'), $1::INTEGER, $2::DATE, $3::FLOAT, $4::VARCHAR, $5::TIMESTAMP WITHOUT TIME ZONE) RETURNING timeseries_data.id
2026-02-21 18:55:19,455 [INFO] [sqlalchemy.engine.Engine] [insertmanyvalues 13/96 (ordered; batch not supported)] (1, datetime.datetime(2024, 1, 1, 3, 15), 25.0, <StatusEnum.VORLAEUFIG: 'V'>, datetime.datetime(2026, 2, 21, 18, 54, 48, 72171))
2026-02-21 18:55:19,456 [INFO] [sqlalchemy.engine.Engine] INSERT INTO timeseries_data (id, timeseries_id, timestamp, value, status, created_at) VALUES (nextval('timeseries_data_id_seq'), $1::INTEGER, $2::DATE, $3::FLOAT, $4::VARCHAR, $5::TIMESTAMP WITHOUT TIME ZONE) RETURNING timeseries_data.id
2026-02-21 18:55:19,457 [INFO] [sqlalchemy.engine.Engine] [insertmanyvalues 14/96 (ordered; batch not supported)] (1, datetime.datetime(2024, 1, 1, 3, 30), 89.0, <StatusEnum.ERSATZ: 'E'>, datetime.datetime(2026, 2, 21, 18, 54, 48, 72171))
2026-02-21 18:55:19,458 [INFO] [sqlalchemy.engine.Engine] INSERT INTO timeseries_data (id, timeseries_id, timestamp, value, status, created_at) VALUES (nextval('timeseries_data_id_seq'), $1::INTEGER, $2::DATE, $3::FLOAT, $4::VARCHAR, $5::TIMESTAMP WITHOUT TIME ZONE) RETURNING timeseries_data.id
2026-02-21 18:55:19,458 [INFO] [sqlalchemy.engine.Engine] [insertmanyvalues 15/96 (ordered; batch not supported)] (1, datetime.datetime(2024, 1, 1, 3, 45), 78.0, <StatusEnum.ERSATZ: 'E'>, datetime.datetime(2026, 2, 21, 18, 54, 48, 72171))
2026-02-21 18:55:19,459 [INFO] [sqlalchemy.engine.Engine] INSERT INTO timeseries_data (id, timeseries_id, timestamp, value, status, created_at) VALUES (nextval('timeseries_data_id_seq'), $1::INTEGER, $2::DATE, $3::FLOAT, $4::VARCHAR, $5::TIMESTAMP WITHOUT TIME ZONE) RETURNING timeseries_data.id
2026-02-21 18:55:19,460 [INFO] [sqlalchemy.engine.Engine] [insertmanyvalues 16/96 (ordered; batch not supported)] (1, datetime.datetime(2024, 1, 1, 4, 0), 98.0, <StatusEnum.ERSATZ: 'E'>, datetime.datetime(2026, 2, 21, 18, 54, 48, 72171))
2026-02-21 18:55:19,461 [INFO] [sqlalchemy.engine.Engine] INSERT INTO timeseries_data (id, timeseries_id, timestamp, value, status, created_at) VALUES (nextval('timeseries_data_id_seq'), $1::INTEGER, $2::DATE, $3::FLOAT, $4::VARCHAR, $5::TIMESTAMP WITHOUT TIME ZONE) RETURNING timeseries_data.id
2026-02-21 18:55:19,461 [INFO] [sqlalchemy.engine.Engine] [insertmanyvalues 17/96 (ordered; batch not supported)] (1, datetime.datetime(2024, 1, 1, 4, 15), 53.0, <StatusEnum.VORLAEUFIG: 'V'>, datetime.datetime(2026, 2, 21, 18, 54, 48, 72171))
2026-02-21 18:55:19,462 [INFO] [sqlalchemy.engine.Engine] INSERT INTO timeseries_data (id, timeseries_id, timestamp, value, status, created_at) VALUES (nextval('timeseries_data_id_seq'), $1::INTEGER, $2::DATE, $3::FLOAT, $4::VARCHAR, $5::TIMESTAMP WITHOUT TIME ZONE) RETURNING timeseries_data.id
2026-02-21 18:55:19,463 [INFO] [sqlalchemy.engine.Engine] [insertmanyvalues 18/96 (ordered; batch not supported)] (1, datetime.datetime(2024, 1, 1, 4, 30), 27.0, <StatusEnum.WAHR: 'W'>, datetime.datetime(2026, 2, 21, 18, 54, 48, 72171))
2026-02-21 18:55:19,464 [INFO] [sqlalchemy.engine.Engine] INSERT INTO timeseries_data (id, timeseries_id, timestamp, value, status, created_at) VALUES (nextval('timeseries_data_id_seq'), $1::INTEGER, $2::DATE, $3::FLOAT, $4::VARCHAR, $5::TIMESTAMP WITHOUT TIME ZONE) RETURNING timeseries_data.id
2026-02-21 18:55:19,465 [INFO] [sqlalchemy.engine.Engine] [insertmanyvalues 19/96 (ordered; batch not supported)] (1, datetime.datetime(2024, 1, 1, 4, 45), 83.0, <StatusEnum.WAHR: 'W'>, datetime.datetime(2026, 2, 21, 18, 54, 48, 72171))
2026-02-21 18:55:19,466 [INFO] [sqlalchemy.engine.Engine] INSERT INTO timeseries_data (id, timeseries_id, timestamp, value, status, created_at) VALUES (nextval('timeseries_data_id_seq'), $1::INTEGER, $2::DATE, $3::FLOAT, $4::VARCHAR, $5::TIMESTAMP WITHOUT TIME ZONE) RETURNING timeseries_data.id
2026-02-21 18:55:19,466 [INFO] [sqlalchemy.engine.Engine] [insertmanyvalues 20/96 (ordered; batch not supported)] (1, datetime.datetime(2024, 1, 1, 5, 0), 53.0, <StatusEnum.WAHR: 'W'>, datetime.datetime(2026, 2, 21, 18, 54, 48, 72171))
2026-02-21 18:55:19,468 [INFO] [sqlalchemy.engine.Engine] INSERT INTO timeseries_data (id, timeseries_id, timestamp, value, status, created_at) VALUES (nextval('timeseries_data_id_seq'), $1::INTEGER, $2::DATE, $3::FLOAT, $4::VARCHAR, $5::TIMESTAMP WITHOUT TIME ZONE) RETURNING timeseries_data.id
2026-02-21 18:55:19,468 [INFO] [sqlalchemy.engine.Engine] [insertmanyvalues 21/96 (ordered; batch not supported)] (1, datetime.datetime(2024, 1, 1, 5, 15), 54.0, <StatusEnum.ERSATZ: 'E'>, datetime.datetime(2026, 2, 21, 18, 54, 48, 72171))
2026-02-21 18:55:19,469 [INFO] [sqlalchemy.engine.Engine] INSERT INTO timeseries_data (id, timeseries_id, timestamp, value, status, created_at) VALUES (nextval('timeseries_data_id_seq'), $1::INTEGER, $2::DATE, $3::FLOAT, $4::VARCHAR, $5::TIMESTAMP WITHOUT TIME ZONE) RETURNING timeseries_data.id
2026-02-21 18:55:19,470 [INFO] [sqlalchemy.engine.Engine] [insertmanyvalues 22/96 (ordered; batch not supported)] (1, datetime.datetime(2024, 1, 1, 5, 30), 93.0, <StatusEnum.WAHR: 'W'>, datetime.datetime(2026, 2, 21, 18, 54, 48, 72171))
2026-02-21 18:55:19,471 [INFO] [sqlalchemy.engine.Engine] INSERT INTO timeseries_data (id, timeseries_id, timestamp, value, status, created_at) VALUES (nextval('timeseries_data_id_seq'), $1::INTEGER, $2::DATE, $3::FLOAT, $4::VARCHAR, $5::TIMESTAMP WITHOUT TIME ZONE) RETURNING timeseries_data.id
2026-02-21 18:55:19,471 [INFO] [sqlalchemy.engine.Engine] [insertmanyvalues 23/96 (ordered; batch not supported)] (1, datetime.datetime(2024, 1, 1, 5, 45), 45.0, <StatusEnum.ERSATZ: 'E'>, datetime.datetime(2026, 2, 21, 18, 54, 48, 72171))
2026-02-21 18:55:19,472 [INFO] [sqlalchemy.engine.Engine] INSERT INTO timeseries_data (id, timeseries_id, timestamp, value, status, created_at) VALUES (nextval('timeseries_data_id_seq'), $1::INTEGER, $2::DATE, $3::FLOAT, $4::VARCHAR, $5::TIMESTAMP WITHOUT TIME ZONE) RETURNING timeseries_data.id
2026-02-21 18:55:19,472 [INFO] [sqlalchemy.engine.Engine] [insertmanyvalues 24/96 (ordered; batch not supported)] (1, datetime.datetime(2024, 1, 1, 6, 0), 93.0, <StatusEnum.ERSATZ: 'E'>, datetime.datetime(2026, 2, 21, 18, 54, 48, 72171))
2026-02-21 18:55:19,474 [INFO] [sqlalchemy.engine.Engine] INSERT INTO timeseries_data (id, timeseries_id, timestamp, value, status, created_at) VALUES (nextval('timeseries_data_id_seq'), $1::INTEGER, $2::DATE, $3::FLOAT, $4::VARCHAR, $5::TIMESTAMP WITHOUT TIME ZONE) RETURNING timeseries_data.id
2026-02-21 18:55:19,474 [INFO] [sqlalchemy.engine.Engine] [insertmanyvalues 25/96 (ordered; batch not supported)] (1, datetime.datetime(2024, 1, 1, 6, 15), 82.0, <StatusEnum.ERSATZ: 'E'>, datetime.datetime(2026, 2, 21, 18, 54, 48, 72171))
2026-02-21 18:55:19,475 [INFO] [sqlalchemy.engine.Engine] INSERT INTO timeseries_data (id, timeseries_id, timestamp, value, status, created_at) VALUES (nextval('timeseries_data_id_seq'), $1::INTEGER, $2::DATE, $3::FLOAT, $4::VARCHAR, $5::TIMESTAMP WITHOUT TIME ZONE) RETURNING timeseries_data.id
2026-02-21 18:55:19,476 [INFO] [sqlalchemy.engine.Engine] [insertmanyvalues 26/96 (ordered; batch not supported)] (1, datetime.datetime(2024, 1, 1, 6, 30), 84.0, <StatusEnum.WAHR: 'W'>, datetime.datetime(2026, 2, 21, 18, 54, 48, 72171))
2026-02-21 18:55:19,477 [INFO] [sqlalchemy.engine.Engine] INSERT INTO timeseries_data (id, timeseries_id, timestamp, value, status, created_at) VALUES (nextval('timeseries_data_id_seq'), $1::INTEGER, $2::DATE, $3::FLOAT, $4::VARCHAR, $5::TIMESTAMP WITHOUT TIME ZONE) RETURNING timeseries_data.id
2026-02-21 18:55:19,477 [INFO] [sqlalchemy.engine.Engine] [insertmanyvalues 27/96 (ordered; batch not supported)] (1, datetime.datetime(2024, 1, 1, 6, 45), 7.0, <StatusEnum.WAHR: 'W'>, datetime.datetime(2026, 2, 21, 18, 54, 48, 72171))
2026-02-21 18:55:19,478 [INFO] [sqlalchemy.engine.Engine] INSERT INTO timeseries_data (id, timeseries_id, timestamp, value, status, created_at) VALUES (nextval('timeseries_data_id_seq'), $1::INTEGER, $2::DATE, $3::FLOAT, $4::VARCHAR, $5::TIMESTAMP WITHOUT TIME ZONE) RETURNING timeseries_data.id
2026-02-21 18:55:19,478 [INFO] [sqlalchemy.engine.Engine] [insertmanyvalues 28/96 (ordered; batch not supported)] (1, datetime.datetime(2024, 1, 1, 7, 0), 54.0, <StatusEnum.ERSATZ: 'E'>, datetime.datetime(2026, 2, 21, 18, 54, 48, 72171))
2026-02-21 18:55:19,479 [INFO] [sqlalchemy.engine.Engine] INSERT INTO timeseries_data (id, timeseries_id, timestamp, value, status, created_at) VALUES (nextval('timeseries_data_id_seq'), $1::INTEGER, $2::DATE, $3::FLOAT, $4::VARCHAR, $5::TIMESTAMP WITHOUT TIME ZONE) RETURNING timeseries_data.id
2026-02-21 18:55:19,480 [INFO] [sqlalchemy.engine.Engine] [insertmanyvalues 29/96 (ordered; batch not supported)] (1, datetime.datetime(2024, 1, 1, 7, 15), 31.0, <StatusEnum.WAHR: 'W'>, datetime.datetime(2026, 2, 21, 18, 54, 48, 72171))
2026-02-21 18:55:19,481 [INFO] [sqlalchemy.engine.Engine] INSERT INTO timeseries_data (id, timeseries_id, timestamp, value, status, created_at) VALUES (nextval('timeseries_data_id_seq'), $1::INTEGER, $2::DATE, $3::FLOAT, $4::VARCHAR, $5::TIMESTAMP WITHOUT TIME ZONE) RETURNING timeseries_data.id
2026-02-21 18:55:19,481 [INFO] [sqlalchemy.engine.Engine] [insertmanyvalues 30/96 (ordered; batch not supported)] (1, datetime.datetime(2024, 1, 1, 7, 30), 45.0, <StatusEnum.ERSATZ: 'E'>, datetime.datetime(2026, 2, 21, 18, 54, 48, 72171))
2026-02-21 18:55:19,483 [INFO] [sqlalchemy.engine.Engine] INSERT INTO timeseries_data (id, timeseries_id, timestamp, value, status, created_at) VALUES (nextval('timeseries_data_id_seq'), $1::INTEGER, $2::DATE, $3::FLOAT, $4::VARCHAR, $5::TIMESTAMP WITHOUT TIME ZONE) RETURNING timeseries_data.id
2026-02-21 18:55:19,483 [INFO] [sqlalchemy.engine.Engine] [insertmanyvalues 31/96 (ordered; batch not supported)] (1, datetime.datetime(2024, 1, 1, 7, 45), 2.0, <StatusEnum.VORLAEUFIG: 'V'>, datetime.datetime(2026, 2, 21, 18, 54, 48, 72171))
2026-02-21 18:55:19,484 [INFO] [sqlalchemy.engine.Engine] INSERT INTO timeseries_data (id, timeseries_id, timestamp, value, status, created_at) VALUES (nextval('timeseries_data_id_seq'), $1::INTEGER, $2::DATE, $3::FLOAT, $4::VARCHAR, $5::TIMESTAMP WITHOUT TIME ZONE) RETURNING timeseries_data.id
2026-02-21 18:55:19,484 [INFO] [sqlalchemy.engine.Engine] [insertmanyvalues 32/96 (ordered; batch not supported)] (1, datetime.datetime(2024, 1, 1, 8, 0), 16.0, <StatusEnum.WAHR: 'W'>, datetime.datetime(2026, 2, 21, 18, 54, 48, 72171))
2026-02-21 18:55:19,485 [INFO] [sqlalchemy.engine.Engine] INSERT INTO timeseries_data (id, timeseries_id, timestamp, value, status, created_at) VALUES (nextval('timeseries_data_id_seq'), $1::INTEGER, $2::DATE, $3::FLOAT, $4::VARCHAR, $5::TIMESTAMP WITHOUT TIME ZONE) RETURNING timeseries_data.id
2026-02-21 18:55:19,486 [INFO] [sqlalchemy.engine.Engine] [insertmanyvalues 33/96 (ordered; batch not supported)] (1, datetime.datetime(2024, 1, 1, 8, 15), 71.0, <StatusEnum.WAHR: 'W'>, datetime.datetime(2026, 2, 21, 18, 54, 48, 72171))
2026-02-21 18:55:19,487 [INFO] [sqlalchemy.engine.Engine] INSERT INTO timeseries_data (id, timeseries_id, timestamp, value, status, created_at) VALUES (nextval('timeseries_data_id_seq'), $1::INTEGER, $2::DATE, $3::FLOAT, $4::VARCHAR, $5::TIMESTAMP WITHOUT TIME ZONE) RETURNING timeseries_data.id
2026-02-21 18:55:19,487 [INFO] [sqlalchemy.engine.Engine] [insertmanyvalues 34/96 (ordered; batch not supported)] (1, datetime.datetime(2024, 1, 1, 8, 30), 27.0, <StatusEnum.VORLAEUFIG: 'V'>, datetime.datetime(2026, 2, 21, 18, 54, 48, 72171))
2026-02-21 18:55:19,488 [INFO] [sqlalchemy.engine.Engine] INSERT INTO timeseries_data (id, timeseries_id, timestamp, value, status, created_at) VALUES (nextval('timeseries_data_id_seq'), $1::INTEGER, $2::DATE, $3::FLOAT, $4::VARCHAR, $5::TIMESTAMP WITHOUT TIME ZONE) RETURNING timeseries_data.id
2026-02-21 18:55:19,488 [INFO] [sqlalchemy.engine.Engine] [insertmanyvalues 35/96 (ordered; batch not supported)] (1, datetime.datetime(2024, 1, 1, 8, 45), 8.0, <StatusEnum.ERSATZ: 'E'>, datetime.datetime(2026, 2, 21, 18, 54, 48, 72171))
2026-02-21 18:55:19,489 [INFO] [sqlalchemy.engine.Engine] INSERT INTO timeseries_data (id, timeseries_id, timestamp, value, status, created_at) VALUES (nextval('timeseries_data_id_seq'), $1::INTEGER, $2::DATE, $3::FLOAT, $4::VARCHAR, $5::TIMESTAMP WITHOUT TIME ZONE) RETURNING timeseries_data.id
2026-02-21 18:55:19,490 [INFO] [sqlalchemy.engine.Engine] [insertmanyvalues 36/96 (ordered; batch not supported)] (1, datetime.datetime(2024, 1, 1, 9, 0), 6.0, <StatusEnum.WAHR: 'W'>, datetime.datetime(2026, 2, 21, 18, 54, 48, 72171))
2026-02-21 18:55:19,491 [INFO] [sqlalchemy.engine.Engine] INSERT INTO timeseries_data (id, timeseries_id, timestamp, value, status, created_at) VALUES (nextval('timeseries_data_id_seq'), $1::INTEGER, $2::DATE, $3::FLOAT, $4::VARCHAR, $5::TIMESTAMP WITHOUT TIME ZONE) RETURNING timeseries_data.id
2026-02-21 18:55:19,491 [INFO] [sqlalchemy.engine.Engine] [insertmanyvalues 37/96 (ordered; batch not supported)] (1, datetime.datetime(2024, 1, 1, 9, 15), 100.0, <StatusEnum.ERSATZ: 'E'>, datetime.datetime(2026, 2, 21, 18, 54, 48, 72171))
2026-02-21 18:55:19,492 [INFO] [sqlalchemy.engine.Engine] INSERT INTO timeseries_data (id, timeseries_id, timestamp, value, status, created_at) VALUES (nextval('timeseries_data_id_seq'), $1::INTEGER, $2::DATE, $3::FLOAT, $4::VARCHAR, $5::TIMESTAMP WITHOUT TIME ZONE) RETURNING timeseries_data.id
2026-02-21 18:55:19,492 [INFO] [sqlalchemy.engine.Engine] [insertmanyvalues 38/96 (ordered; batch not supported)] (1, datetime.datetime(2024, 1, 1, 9, 30), 3.0, <StatusEnum.VORLAEUFIG: 'V'>, datetime.datetime(2026, 2, 21, 18, 54, 48, 72171))
2026-02-21 18:55:19,493 [INFO] [sqlalchemy.engine.Engine] INSERT INTO timeseries_data (id, timeseries_id, timestamp, value, status, created_at) VALUES (nextval('timeseries_data_id_seq'), $1::INTEGER, $2::DATE, $3::FLOAT, $4::VARCHAR, $5::TIMESTAMP WITHOUT TIME ZONE) RETURNING timeseries_data.id
2026-02-21 18:55:19,494 [INFO] [sqlalchemy.engine.Engine] [insertmanyvalues 39/96 (ordered; batch not supported)] (1, datetime.datetime(2024, 1, 1, 9, 45), 78.0, <StatusEnum.ERSATZ: 'E'>, datetime.datetime(2026, 2, 21, 18, 54, 48, 72171))
2026-02-21 18:55:19,495 [INFO] [sqlalchemy.engine.Engine] INSERT INTO timeseries_data (id, timeseries_id, timestamp, value, status, created_at) VALUES (nextval('timeseries_data_id_seq'), $1::INTEGER, $2::DATE, $3::FLOAT, $4::VARCHAR, $5::TIMESTAMP WITHOUT TIME ZONE) RETURNING timeseries_data.id
2026-02-21 18:55:19,495 [INFO] [sqlalchemy.engine.Engine] [insertmanyvalues 40/96 (ordered; batch not supported)] (1, datetime.datetime(2024, 1, 1, 10, 0), 1.0, <StatusEnum.ERSATZ: 'E'>, datetime.datetime(2026, 2, 21, 18, 54, 48, 72171))
2026-02-21 18:55:19,496 [INFO] [sqlalchemy.engine.Engine] INSERT INTO timeseries_data (id, timeseries_id, timestamp, value, status, created_at) VALUES (nextval('timeseries_data_id_seq'), $1::INTEGER, $2::DATE, $3::FLOAT, $4::VARCHAR, $5::TIMESTAMP WITHOUT TIME ZONE) RETURNING timeseries_data.id
2026-02-21 18:55:19,497 [INFO] [sqlalchemy.engine.Engine] [insertmanyvalues 41/96 (ordered; batch not supported)] (1, datetime.datetime(2024, 1, 1, 10, 15), 10.0, <StatusEnum.VORLAEUFIG: 'V'>, datetime.datetime(2026, 2, 21, 18, 54, 48, 72171))
2026-02-21 18:55:19,498 [INFO] [sqlalchemy.engine.Engine] INSERT INTO timeseries_data (id, timeseries_id, timestamp, value, status, created_at) VALUES (nextval('timeseries_data_id_seq'), $1::INTEGER, $2::DATE, $3::FLOAT, $4::VARCHAR, $5::TIMESTAMP WITHOUT TIME ZONE) RETURNING timeseries_data.id
2026-02-21 18:55:19,498 [INFO] [sqlalchemy.engine.Engine] [insertmanyvalues 42/96 (ordered; batch not supported)] (1, datetime.datetime(2024, 1, 1, 10, 30), 54.0, <StatusEnum.ERSATZ: 'E'>, datetime.datetime(2026, 2, 21, 18, 54, 48, 72171))
2026-02-21 18:55:19,499 [INFO] [sqlalchemy.engine.Engine] INSERT INTO timeseries_data (id, timeseries_id, timestamp, value, status, created_at) VALUES (nextval('timeseries_data_id_seq'), $1::INTEGER, $2::DATE, $3::FLOAT, $4::VARCHAR, $5::TIMESTAMP WITHOUT TIME ZONE) RETURNING timeseries_data.id
2026-02-21 18:55:19,500 [INFO] [sqlalchemy.engine.Engine] [insertmanyvalues 43/96 (ordered; batch not supported)] (1, datetime.datetime(2024, 1, 1, 10, 45), 42.0, <StatusEnum.ERSATZ: 'E'>, datetime.datetime(2026, 2, 21, 18, 54, 48, 72171))
2026-02-21 18:55:19,501 [INFO] [sqlalchemy.engine.Engine] INSERT INTO timeseries_data (id, timeseries_id, timestamp, value, status, created_at) VALUES (nextval('timeseries_data_id_seq'), $1::INTEGER, $2::DATE, $3::FLOAT, $4::VARCHAR, $5::TIMESTAMP WITHOUT TIME ZONE) RETURNING timeseries_data.id
2026-02-21 18:55:19,501 [INFO] [sqlalchemy.engine.Engine] [insertmanyvalues 44/96 (ordered; batch not supported)] (1, datetime.datetime(2024, 1, 1, 11, 0), 69.0, <StatusEnum.ERSATZ: 'E'>, datetime.datetime(2026, 2, 21, 18, 54, 48, 72171))
2026-02-21 18:55:19,502 [INFO] [sqlalchemy.engine.Engine] INSERT INTO timeseries_data (id, timeseries_id, timestamp, value, status, created_at) VALUES (nextval('timeseries_data_id_seq'), $1::INTEGER, $2::DATE, $3::FLOAT, $4::VARCHAR, $5::TIMESTAMP WITHOUT TIME ZONE) RETURNING timeseries_data.id
2026-02-21 18:55:19,502 [INFO] [sqlalchemy.engine.Engine] [insertmanyvalues 45/96 (ordered; batch not supported)] (1, datetime.datetime(2024, 1, 1, 11, 15), 36.0, <StatusEnum.VORLAEUFIG: 'V'>, datetime.datetime(2026, 2, 21, 18, 54, 48, 72171))
2026-02-21 18:55:19,503 [INFO] [sqlalchemy.engine.Engine] INSERT INTO timeseries_data (id, timeseries_id, timestamp, value, status, created_at) VALUES (nextval('timeseries_data_id_seq'), $1::INTEGER, $2::DATE, $3::FLOAT, $4::VARCHAR, $5::TIMESTAMP WITHOUT TIME ZONE) RETURNING timeseries_data.id
2026-02-21 18:55:19,503 [INFO] [sqlalchemy.engine.Engine] [insertmanyvalues 46/96 (ordered; batch not supported)] (1, datetime.datetime(2024, 1, 1, 11, 30), 77.0, <StatusEnum.WAHR: 'W'>, datetime.datetime(2026, 2, 21, 18, 54, 48, 72171))
2026-02-21 18:55:19,504 [INFO] [sqlalchemy.engine.Engine] INSERT INTO timeseries_data (id, timeseries_id, timestamp, value, status, created_at) VALUES (nextval('timeseries_data_id_seq'), $1::INTEGER, $2::DATE, $3::FLOAT, $4::VARCHAR, $5::TIMESTAMP WITHOUT TIME ZONE) RETURNING timeseries_data.id
2026-02-21 18:55:19,505 [INFO] [sqlalchemy.engine.Engine] [insertmanyvalues 47/96 (ordered; batch not supported)] (1, datetime.datetime(2024, 1, 1, 11, 45), 34.0, <StatusEnum.ERSATZ: 'E'>, datetime.datetime(2026, 2, 21, 18, 54, 48, 72171))
2026-02-21 18:55:19,506 [INFO] [sqlalchemy.engine.Engine] INSERT INTO timeseries_data (id, timeseries_id, timestamp, value, status, created_at) VALUES (nextval('timeseries_data_id_seq'), $1::INTEGER, $2::DATE, $3::FLOAT, $4::VARCHAR, $5::TIMESTAMP WITHOUT TIME ZONE) RETURNING timeseries_data.id
2026-02-21 18:55:19,506 [INFO] [sqlalchemy.engine.Engine] [insertmanyvalues 48/96 (ordered; batch not supported)] (1, datetime.datetime(2024, 1, 1, 12, 0), 54.0, <StatusEnum.ERSATZ: 'E'>, datetime.datetime(2026, 2, 21, 18, 54, 48, 72171))
2026-02-21 18:55:19,507 [INFO] [sqlalchemy.engine.Engine] INSERT INTO timeseries_data (id, timeseries_id, timestamp, value, status, created_at) VALUES (nextval('timeseries_data_id_seq'), $1::INTEGER, $2::DATE, $3::FLOAT, $4::VARCHAR, $5::TIMESTAMP WITHOUT TIME ZONE) RETURNING timeseries_data.id
2026-02-21 18:55:19,507 [INFO] [sqlalchemy.engine.Engine] [insertmanyvalues 49/96 (ordered; batch not supported)] (1, datetime.datetime(2024, 1, 1, 12, 15), 60.0, <StatusEnum.WAHR: 'W'>, datetime.datetime(2026, 2, 21, 18, 54, 48, 72171))
2026-02-21 18:55:19,508 [INFO] [sqlalchemy.engine.Engine] INSERT INTO timeseries_data (id, timeseries_id, timestamp, value, status, created_at) VALUES (nextval('timeseries_data_id_seq'), $1::INTEGER, $2::DATE, $3::FLOAT, $4::VARCHAR, $5::TIMESTAMP WITHOUT TIME ZONE) RETURNING timeseries_data.id
2026-02-21 18:55:19,508 [INFO] [sqlalchemy.engine.Engine] [insertmanyvalues 50/96 (ordered; batch not supported)] (1, datetime.datetime(2024, 1, 1, 12, 30), 94.0, <StatusEnum.ERSATZ: 'E'>, datetime.datetime(2026, 2, 21, 18, 54, 48, 72171))
2026-02-21 18:55:19,509 [INFO] [sqlalchemy.engine.Engine] INSERT INTO timeseries_data (id, timeseries_id, timestamp, value, status, created_at) VALUES (nextval('timeseries_data_id_seq'), $1::INTEGER, $2::DATE, $3::FLOAT, $4::VARCHAR, $5::TIMESTAMP WITHOUT TIME ZONE) RETURNING timeseries_data.id
2026-02-21 18:55:19,509 [INFO] [sqlalchemy.engine.Engine] [insertmanyvalues 51/96 (ordered; batch not supported)] (1, datetime.datetime(2024, 1, 1, 12, 45), 49.0, <StatusEnum.ERSATZ: 'E'>, datetime.datetime(2026, 2, 21, 18, 54, 48, 72171))
2026-02-21 18:55:19,510 [INFO] [sqlalchemy.engine.Engine] INSERT INTO timeseries_data (id, timeseries_id, timestamp, value, status, created_at) VALUES (nextval('timeseries_data_id_seq'), $1::INTEGER, $2::DATE, $3::FLOAT, $4::VARCHAR, $5::TIMESTAMP WITHOUT TIME ZONE) RETURNING timeseries_data.id
2026-02-21 18:55:19,511 [INFO] [sqlalchemy.engine.Engine] [insertmanyvalues 52/96 (ordered; batch not supported)] (1, datetime.datetime(2024, 1, 1, 13, 0), 82.0, <StatusEnum.ERSATZ: 'E'>, datetime.datetime(2026, 2, 21, 18, 54, 48, 72171))
2026-02-21 18:55:19,511 [INFO] [sqlalchemy.engine.Engine] INSERT INTO timeseries_data (id, timeseries_id, timestamp, value, status, created_at) VALUES (nextval('timeseries_data_id_seq'), $1::INTEGER, $2::DATE, $3::FLOAT, $4::VARCHAR, $5::TIMESTAMP WITHOUT TIME ZONE) RETURNING timeseries_data.id
2026-02-21 18:55:19,512 [INFO] [sqlalchemy.engine.Engine] [insertmanyvalues 53/96 (ordered; batch not supported)] (1, datetime.datetime(2024, 1, 1, 13, 15), 65.0, <StatusEnum.ERSATZ: 'E'>, datetime.datetime(2026, 2, 21, 18, 54, 48, 72171))
2026-02-21 18:55:19,512 [INFO] [sqlalchemy.engine.Engine] INSERT INTO timeseries_data (id, timeseries_id, timestamp, value, status, created_at) VALUES (nextval('timeseries_data_id_seq'), $1::INTEGER, $2::DATE, $3::FLOAT, $4::VARCHAR, $5::TIMESTAMP WITHOUT TIME ZONE) RETURNING timeseries_data.id
2026-02-21 18:55:19,513 [INFO] [sqlalchemy.engine.Engine] [insertmanyvalues 54/96 (ordered; batch not supported)] (1, datetime.datetime(2024, 1, 1, 13, 30), 99.0, <StatusEnum.ERSATZ: 'E'>, datetime.datetime(2026, 2, 21, 18, 54, 48, 72171))
2026-02-21 18:55:19,514 [INFO] [sqlalchemy.engine.Engine] INSERT INTO timeseries_data (id, timeseries_id, timestamp, value, status, created_at) VALUES (nextval('timeseries_data_id_seq'), $1::INTEGER, $2::DATE, $3::FLOAT, $4::VARCHAR, $5::TIMESTAMP WITHOUT TIME ZONE) RETURNING timeseries_data.id
2026-02-21 18:55:19,514 [INFO] [sqlalchemy.engine.Engine] [insertmanyvalues 55/96 (ordered; batch not supported)] (1, datetime.datetime(2024, 1, 1, 13, 45), 74.0, <StatusEnum.WAHR: 'W'>, datetime.datetime(2026, 2, 21, 18, 54, 48, 72171))
2026-02-21 18:55:19,515 [INFO] [sqlalchemy.engine.Engine] INSERT INTO timeseries_data (id, timeseries_id, timestamp, value, status, created_at) VALUES (nextval('timeseries_data_id_seq'), $1::INTEGER, $2::DATE, $3::FLOAT, $4::VARCHAR, $5::TIMESTAMP WITHOUT TIME ZONE) RETURNING timeseries_data.id
2026-02-21 18:55:19,516 [INFO] [sqlalchemy.engine.Engine] [insertmanyvalues 56/96 (ordered; batch not supported)] (1, datetime.datetime(2024, 1, 1, 14, 0), 53.0, <StatusEnum.ERSATZ: 'E'>, datetime.datetime(2026, 2, 21, 18, 54, 48, 72171))
2026-02-21 18:55:19,517 [INFO] [sqlalchemy.engine.Engine] INSERT INTO timeseries_data (id, timeseries_id, timestamp, value, status, created_at) VALUES (nextval('timeseries_data_id_seq'), $1::INTEGER, $2::DATE, $3::FLOAT, $4::VARCHAR, $5::TIMESTAMP WITHOUT TIME ZONE) RETURNING timeseries_data.id
2026-02-21 18:55:19,518 [INFO] [sqlalchemy.engine.Engine] [insertmanyvalues 57/96 (ordered; batch not supported)] (1, datetime.datetime(2024, 1, 1, 14, 15), 59.0, <StatusEnum.WAHR: 'W'>, datetime.datetime(2026, 2, 21, 18, 54, 48, 72171))
2026-02-21 18:55:19,519 [INFO] [sqlalchemy.engine.Engine] INSERT INTO timeseries_data (id, timeseries_id, timestamp, value, status, created_at) VALUES (nextval('timeseries_data_id_seq'), $1::INTEGER, $2::DATE, $3::FLOAT, $4::VARCHAR, $5::TIMESTAMP WITHOUT TIME ZONE) RETURNING timeseries_data.id
2026-02-21 18:55:19,519 [INFO] [sqlalchemy.engine.Engine] [insertmanyvalues 58/96 (ordered; batch not supported)] (1, datetime.datetime(2024, 1, 1, 14, 30), 90.0, <StatusEnum.ERSATZ: 'E'>, datetime.datetime(2026, 2, 21, 18, 54, 48, 72171))
2026-02-21 18:55:19,520 [INFO] [sqlalchemy.engine.Engine] INSERT INTO timeseries_data (id, timeseries_id, timestamp, value, status, created_at) VALUES (nextval('timeseries_data_id_seq'), $1::INTEGER, $2::DATE, $3::FLOAT, $4::VARCHAR, $5::TIMESTAMP WITHOUT TIME ZONE) RETURNING timeseries_data.id
2026-02-21 18:55:19,520 [INFO] [sqlalchemy.engine.Engine] [insertmanyvalues 59/96 (ordered; batch not supported)] (1, datetime.datetime(2024, 1, 1, 14, 45), 81.0, <StatusEnum.VORLAEUFIG: 'V'>, datetime.datetime(2026, 2, 21, 18, 54, 48, 72171))
2026-02-21 18:55:19,521 [INFO] [sqlalchemy.engine.Engine] INSERT INTO timeseries_data (id, timeseries_id, timestamp, value, status, created_at) VALUES (nextval('timeseries_data_id_seq'), $1::INTEGER, $2::DATE, $3::FLOAT, $4::VARCHAR, $5::TIMESTAMP WITHOUT TIME ZONE) RETURNING timeseries_data.id
2026-02-21 18:55:19,521 [INFO] [sqlalchemy.engine.Engine] [insertmanyvalues 60/96 (ordered; batch not supported)] (1, datetime.datetime(2024, 1, 1, 15, 0), 53.0, <StatusEnum.WAHR: 'W'>, datetime.datetime(2026, 2, 21, 18, 54, 48, 72171))
2026-02-21 18:55:19,522 [INFO] [sqlalchemy.engine.Engine] INSERT INTO timeseries_data (id, timeseries_id, timestamp, value, status, created_at) VALUES (nextval('timeseries_data_id_seq'), $1::INTEGER, $2::DATE, $3::FLOAT, $4::VARCHAR, $5::TIMESTAMP WITHOUT TIME ZONE) RETURNING timeseries_data.id
2026-02-21 18:55:19,523 [INFO] [sqlalchemy.engine.Engine] [insertmanyvalues 61/96 (ordered; batch not supported)] (1, datetime.datetime(2024, 1, 1, 15, 15), 73.0, <StatusEnum.VORLAEUFIG: 'V'>, datetime.datetime(2026, 2, 21, 18, 54, 48, 72171))
2026-02-21 18:55:19,524 [INFO] [sqlalchemy.engine.Engine] INSERT INTO timeseries_data (id, timeseries_id, timestamp, value, status, created_at) VALUES (nextval('timeseries_data_id_seq'), $1::INTEGER, $2::DATE, $3::FLOAT, $4::VARCHAR, $5::TIMESTAMP WITHOUT TIME ZONE) RETURNING timeseries_data.id
2026-02-21 18:55:19,524 [INFO] [sqlalchemy.engine.Engine] [insertmanyvalues 62/96 (ordered; batch not supported)] (1, datetime.datetime(2024, 1, 1, 15, 30), 59.0, <StatusEnum.WAHR: 'W'>, datetime.datetime(2026, 2, 21, 18, 54, 48, 72171))
2026-02-21 18:55:19,525 [INFO] [sqlalchemy.engine.Engine] INSERT INTO timeseries_data (id, timeseries_id, timestamp, value, status, created_at) VALUES (nextval('timeseries_data_id_seq'), $1::INTEGER, $2::DATE, $3::FLOAT, $4::VARCHAR, $5::TIMESTAMP WITHOUT TIME ZONE) RETURNING timeseries_data.id
2026-02-21 18:55:19,525 [INFO] [sqlalchemy.engine.Engine] [insertmanyvalues 63/96 (ordered; batch not supported)] (1, datetime.datetime(2024, 1, 1, 15, 45), 18.0, <StatusEnum.ERSATZ: 'E'>, datetime.datetime(2026, 2, 21, 18, 54, 48, 72171))
2026-02-21 18:55:19,526 [INFO] [sqlalchemy.engine.Engine] INSERT INTO timeseries_data (id, timeseries_id, timestamp, value, status, created_at) VALUES (nextval('timeseries_data_id_seq'), $1::INTEGER, $2::DATE, $3::FLOAT, $4::VARCHAR, $5::TIMESTAMP WITHOUT TIME ZONE) RETURNING timeseries_data.id
2026-02-21 18:55:19,526 [INFO] [sqlalchemy.engine.Engine] [insertmanyvalues 64/96 (ordered; batch not supported)] (1, datetime.datetime(2024, 1, 1, 16, 0), 24.0, <StatusEnum.WAHR: 'W'>, datetime.datetime(2026, 2, 21, 18, 54, 48, 72171))
2026-02-21 18:55:19,527 [INFO] [sqlalchemy.engine.Engine] INSERT INTO timeseries_data (id, timeseries_id, timestamp, value, status, created_at) VALUES (nextval('timeseries_data_id_seq'), $1::INTEGER, $2::DATE, $3::FLOAT, $4::VARCHAR, $5::TIMESTAMP WITHOUT TIME ZONE) RETURNING timeseries_data.id
2026-02-21 18:55:19,527 [INFO] [sqlalchemy.engine.Engine] [insertmanyvalues 65/96 (ordered; batch not supported)] (1, datetime.datetime(2024, 1, 1, 16, 15), 85.0, <StatusEnum.ERSATZ: 'E'>, datetime.datetime(2026, 2, 21, 18, 54, 48, 72171))
2026-02-21 18:55:19,528 [INFO] [sqlalchemy.engine.Engine] INSERT INTO timeseries_data (id, timeseries_id, timestamp, value, status, created_at) VALUES (nextval('timeseries_data_id_seq'), $1::INTEGER, $2::DATE, $3::FLOAT, $4::VARCHAR, $5::TIMESTAMP WITHOUT TIME ZONE) RETURNING timeseries_data.id
2026-02-21 18:55:19,529 [INFO] [sqlalchemy.engine.Engine] [insertmanyvalues 66/96 (ordered; batch not supported)] (1, datetime.datetime(2024, 1, 1, 16, 30), 17.0, <StatusEnum.WAHR: 'W'>, datetime.datetime(2026, 2, 21, 18, 54, 48, 72171))
2026-02-21 18:55:19,530 [INFO] [sqlalchemy.engine.Engine] INSERT INTO timeseries_data (id, timeseries_id, timestamp, value, status, created_at) VALUES (nextval('timeseries_data_id_seq'), $1::INTEGER, $2::DATE, $3::FLOAT, $4::VARCHAR, $5::TIMESTAMP WITHOUT TIME ZONE) RETURNING timeseries_data.id
2026-02-21 18:55:19,530 [INFO] [sqlalchemy.engine.Engine] [insertmanyvalues 67/96 (ordered; batch not supported)] (1, datetime.datetime(2024, 1, 1, 16, 45), 85.0, <StatusEnum.ERSATZ: 'E'>, datetime.datetime(2026, 2, 21, 18, 54, 48, 72171))
2026-02-21 18:55:19,531 [INFO] [sqlalchemy.engine.Engine] INSERT INTO timeseries_data (id, timeseries_id, timestamp, value, status, created_at) VALUES (nextval('timeseries_data_id_seq'), $1::INTEGER, $2::DATE, $3::FLOAT, $4::VARCHAR, $5::TIMESTAMP WITHOUT TIME ZONE) RETURNING timeseries_data.id
2026-02-21 18:55:19,532 [INFO] [sqlalchemy.engine.Engine] [insertmanyvalues 68/96 (ordered; batch not supported)] (1, datetime.datetime(2024, 1, 1, 17, 0), 8.0, <StatusEnum.VORLAEUFIG: 'V'>, datetime.datetime(2026, 2, 21, 18, 54, 48, 72171))
2026-02-21 18:55:19,533 [INFO] [sqlalchemy.engine.Engine] INSERT INTO timeseries_data (id, timeseries_id, timestamp, value, status, created_at) VALUES (nextval('timeseries_data_id_seq'), $1::INTEGER, $2::DATE, $3::FLOAT, $4::VARCHAR, $5::TIMESTAMP WITHOUT TIME ZONE) RETURNING timeseries_data.id
2026-02-21 18:55:19,533 [INFO] [sqlalchemy.engine.Engine] [insertmanyvalues 69/96 (ordered; batch not supported)] (1, datetime.datetime(2024, 1, 1, 17, 15), 74.0, <StatusEnum.WAHR: 'W'>, datetime.datetime(2026, 2, 21, 18, 54, 48, 72171))
2026-02-21 18:55:19,534 [INFO] [sqlalchemy.engine.Engine] INSERT INTO timeseries_data (id, timeseries_id, timestamp, value, status, created_at) VALUES (nextval('timeseries_data_id_seq'), $1::INTEGER, $2::DATE, $3::FLOAT, $4::VARCHAR, $5::TIMESTAMP WITHOUT TIME ZONE) RETURNING timeseries_data.id
2026-02-21 18:55:19,534 [INFO] [sqlalchemy.engine.Engine] [insertmanyvalues 70/96 (ordered; batch not supported)] (1, datetime.datetime(2024, 1, 1, 17, 30), 51.0, <StatusEnum.WAHR: 'W'>, datetime.datetime(2026, 2, 21, 18, 54, 48, 72171))
2026-02-21 18:55:19,535 [INFO] [sqlalchemy.engine.Engine] INSERT INTO timeseries_data (id, timeseries_id, timestamp, value, status, created_at) VALUES (nextval('timeseries_data_id_seq'), $1::INTEGER, $2::DATE, $3::FLOAT, $4::VARCHAR, $5::TIMESTAMP WITHOUT TIME ZONE) RETURNING timeseries_data.id
2026-02-21 18:55:19,535 [INFO] [sqlalchemy.engine.Engine] [insertmanyvalues 71/96 (ordered; batch not supported)] (1, datetime.datetime(2024, 1, 1, 17, 45), 7.0, <StatusEnum.ERSATZ: 'E'>, datetime.datetime(2026, 2, 21, 18, 54, 48, 72171))
2026-02-21 18:55:19,536 [INFO] [sqlalchemy.engine.Engine] INSERT INTO timeseries_data (id, timeseries_id, timestamp, value, status, created_at) VALUES (nextval('timeseries_data_id_seq'), $1::INTEGER, $2::DATE, $3::FLOAT, $4::VARCHAR, $5::TIMESTAMP WITHOUT TIME ZONE) RETURNING timeseries_data.id
2026-02-21 18:55:19,536 [INFO] [sqlalchemy.engine.Engine] [insertmanyvalues 72/96 (ordered; batch not supported)] (1, datetime.datetime(2024, 1, 1, 18, 0), 51.0, <StatusEnum.WAHR: 'W'>, datetime.datetime(2026, 2, 21, 18, 54, 48, 72171))
2026-02-21 18:55:19,537 [INFO] [sqlalchemy.engine.Engine] INSERT INTO timeseries_data (id, timeseries_id, timestamp, value, status, created_at) VALUES (nextval('timeseries_data_id_seq'), $1::INTEGER, $2::DATE, $3::FLOAT, $4::VARCHAR, $5::TIMESTAMP WITHOUT TIME ZONE) RETURNING timeseries_data.id
2026-02-21 18:55:19,537 [INFO] [sqlalchemy.engine.Engine] [insertmanyvalues 73/96 (ordered; batch not supported)] (1, datetime.datetime(2024, 1, 1, 18, 15), 28.0, <StatusEnum.VORLAEUFIG: 'V'>, datetime.datetime(2026, 2, 21, 18, 54, 48, 72171))
2026-02-21 18:55:19,538 [INFO] [sqlalchemy.engine.Engine] INSERT INTO timeseries_data (id, timeseries_id, timestamp, value, status, created_at) VALUES (nextval('timeseries_data_id_seq'), $1::INTEGER, $2::DATE, $3::FLOAT, $4::VARCHAR, $5::TIMESTAMP WITHOUT TIME ZONE) RETURNING timeseries_data.id
2026-02-21 18:55:19,538 [INFO] [sqlalchemy.engine.Engine] [insertmanyvalues 74/96 (ordered; batch not supported)] (1, datetime.datetime(2024, 1, 1, 18, 30), 32.0, <StatusEnum.ERSATZ: 'E'>, datetime.datetime(2026, 2, 21, 18, 54, 48, 72171))
2026-02-21 18:55:19,539 [INFO] [sqlalchemy.engine.Engine] INSERT INTO timeseries_data (id, timeseries_id, timestamp, value, status, created_at) VALUES (nextval('timeseries_data_id_seq'), $1::INTEGER, $2::DATE, $3::FLOAT, $4::VARCHAR, $5::TIMESTAMP WITHOUT TIME ZONE) RETURNING timeseries_data.id
2026-02-21 18:55:19,540 [INFO] [sqlalchemy.engine.Engine] [insertmanyvalues 75/96 (ordered; batch not supported)] (1, datetime.datetime(2024, 1, 1, 18, 45), 61.0, <StatusEnum.VORLAEUFIG: 'V'>, datetime.datetime(2026, 2, 21, 18, 54, 48, 72171))
2026-02-21 18:55:19,540 [INFO] [sqlalchemy.engine.Engine] INSERT INTO timeseries_data (id, timeseries_id, timestamp, value, status, created_at) VALUES (nextval('timeseries_data_id_seq'), $1::INTEGER, $2::DATE, $3::FLOAT, $4::VARCHAR, $5::TIMESTAMP WITHOUT TIME ZONE) RETURNING timeseries_data.id
2026-02-21 18:55:19,541 [INFO] [sqlalchemy.engine.Engine] [insertmanyvalues 76/96 (ordered; batch not supported)] (1, datetime.datetime(2024, 1, 1, 19, 0), 54.0, <StatusEnum.ERSATZ: 'E'>, datetime.datetime(2026, 2, 21, 18, 54, 48, 72171))
2026-02-21 18:55:19,541 [INFO] [sqlalchemy.engine.Engine] INSERT INTO timeseries_data (id, timeseries_id, timestamp, value, status, created_at) VALUES (nextval('timeseries_data_id_seq'), $1::INTEGER, $2::DATE, $3::FLOAT, $4::VARCHAR, $5::TIMESTAMP WITHOUT TIME ZONE) RETURNING timeseries_data.id
2026-02-21 18:55:19,542 [INFO] [sqlalchemy.engine.Engine] [insertmanyvalues 77/96 (ordered; batch not supported)] (1, datetime.datetime(2024, 1, 1, 19, 15), 67.0, <StatusEnum.VORLAEUFIG: 'V'>, datetime.datetime(2026, 2, 21, 18, 54, 48, 72171))
2026-02-21 18:55:19,543 [INFO] [sqlalchemy.engine.Engine] INSERT INTO timeseries_data (id, timeseries_id, timestamp, value, status, created_at) VALUES (nextval('timeseries_data_id_seq'), $1::INTEGER, $2::DATE, $3::FLOAT, $4::VARCHAR, $5::TIMESTAMP WITHOUT TIME ZONE) RETURNING timeseries_data.id
2026-02-21 18:55:19,543 [INFO] [sqlalchemy.engine.Engine] [insertmanyvalues 78/96 (ordered; batch not supported)] (1, datetime.datetime(2024, 1, 1, 19, 30), 37.0, <StatusEnum.ERSATZ: 'E'>, datetime.datetime(2026, 2, 21, 18, 54, 48, 72171))
2026-02-21 18:55:19,544 [INFO] [sqlalchemy.engine.Engine] INSERT INTO timeseries_data (id, timeseries_id, timestamp, value, status, created_at) VALUES (nextval('timeseries_data_id_seq'), $1::INTEGER, $2::DATE, $3::FLOAT, $4::VARCHAR, $5::TIMESTAMP WITHOUT TIME ZONE) RETURNING timeseries_data.id
2026-02-21 18:55:19,544 [INFO] [sqlalchemy.engine.Engine] [insertmanyvalues 79/96 (ordered; batch not supported)] (1, datetime.datetime(2024, 1, 1, 19, 45), 61.0, <StatusEnum.VORLAEUFIG: 'V'>, datetime.datetime(2026, 2, 21, 18, 54, 48, 72171))
2026-02-21 18:55:19,545 [INFO] [sqlalchemy.engine.Engine] INSERT INTO timeseries_data (id, timeseries_id, timestamp, value, status, created_at) VALUES (nextval('timeseries_data_id_seq'), $1::INTEGER, $2::DATE, $3::FLOAT, $4::VARCHAR, $5::TIMESTAMP WITHOUT TIME ZONE) RETURNING timeseries_data.id
2026-02-21 18:55:19,545 [INFO] [sqlalchemy.engine.Engine] [insertmanyvalues 80/96 (ordered; batch not supported)] (1, datetime.datetime(2024, 1, 1, 20, 0), 35.0, <StatusEnum.VORLAEUFIG: 'V'>, datetime.datetime(2026, 2, 21, 18, 54, 48, 72171))
2026-02-21 18:55:19,546 [INFO] [sqlalchemy.engine.Engine] INSERT INTO timeseries_data (id, timeseries_id, timestamp, value, status, created_at) VALUES (nextval('timeseries_data_id_seq'), $1::INTEGER, $2::DATE, $3::FLOAT, $4::VARCHAR, $5::TIMESTAMP WITHOUT TIME ZONE) RETURNING timeseries_data.id
2026-02-21 18:55:19,546 [INFO] [sqlalchemy.engine.Engine] [insertmanyvalues 81/96 (ordered; batch not supported)] (1, datetime.datetime(2024, 1, 1, 20, 15), 55.0, <StatusEnum.WAHR: 'W'>, datetime.datetime(2026, 2, 21, 18, 54, 48, 72171))
2026-02-21 18:55:19,547 [INFO] [sqlalchemy.engine.Engine] INSERT INTO timeseries_data (id, timeseries_id, timestamp, value, status, created_at) VALUES (nextval('timeseries_data_id_seq'), $1::INTEGER, $2::DATE, $3::FLOAT, $4::VARCHAR, $5::TIMESTAMP WITHOUT TIME ZONE) RETURNING timeseries_data.id
2026-02-21 18:55:19,547 [INFO] [sqlalchemy.engine.Engine] [insertmanyvalues 82/96 (ordered; batch not supported)] (1, datetime.datetime(2024, 1, 1, 20, 30), 26.0, <StatusEnum.WAHR: 'W'>, datetime.datetime(2026, 2, 21, 18, 54, 48, 72171))
2026-02-21 18:55:19,548 [INFO] [sqlalchemy.engine.Engine] INSERT INTO timeseries_data (id, timeseries_id, timestamp, value, status, created_at) VALUES (nextval('timeseries_data_id_seq'), $1::INTEGER, $2::DATE, $3::FLOAT, $4::VARCHAR, $5::TIMESTAMP WITHOUT TIME ZONE) RETURNING timeseries_data.id
2026-02-21 18:55:19,549 [INFO] [sqlalchemy.engine.Engine] [insertmanyvalues 83/96 (ordered; batch not supported)] (1, datetime.datetime(2024, 1, 1, 20, 45), 46.0, <StatusEnum.WAHR: 'W'>, datetime.datetime(2026, 2, 21, 18, 54, 48, 72171))
2026-02-21 18:55:19,549 [INFO] [sqlalchemy.engine.Engine] INSERT INTO timeseries_data (id, timeseries_id, timestamp, value, status, created_at) VALUES (nextval('timeseries_data_id_seq'), $1::INTEGER, $2::DATE, $3::FLOAT, $4::VARCHAR, $5::TIMESTAMP WITHOUT TIME ZONE) RETURNING timeseries_data.id
2026-02-21 18:55:19,550 [INFO] [sqlalchemy.engine.Engine] [insertmanyvalues 84/96 (ordered; batch not supported)] (1, datetime.datetime(2024, 1, 1, 21, 0), 35.0, <StatusEnum.VORLAEUFIG: 'V'>, datetime.datetime(2026, 2, 21, 18, 54, 48, 72171))
2026-02-21 18:55:19,550 [INFO] [sqlalchemy.engine.Engine] INSERT INTO timeseries_data (id, timeseries_id, timestamp, value, status, created_at) VALUES (nextval('timeseries_data_id_seq'), $1::INTEGER, $2::DATE, $3::FLOAT, $4::VARCHAR, $5::TIMESTAMP WITHOUT TIME ZONE) RETURNING timeseries_data.id
2026-02-21 18:55:19,551 [INFO] [sqlalchemy.engine.Engine] [insertmanyvalues 85/96 (ordered; batch not supported)] (1, datetime.datetime(2024, 1, 1, 21, 15), 43.0, <StatusEnum.ERSATZ: 'E'>, datetime.datetime(2026, 2, 21, 18, 54, 48, 72171))
2026-02-21 18:55:19,551 [INFO] [sqlalchemy.engine.Engine] INSERT INTO timeseries_data (id, timeseries_id, timestamp, value, status, created_at) VALUES (nextval('timeseries_data_id_seq'), $1::INTEGER, $2::DATE, $3::FLOAT, $4::VARCHAR, $5::TIMESTAMP WITHOUT TIME ZONE) RETURNING timeseries_data.id
2026-02-21 18:55:19,552 [INFO] [sqlalchemy.engine.Engine] [insertmanyvalues 86/96 (ordered; batch not supported)] (1, datetime.datetime(2024, 1, 1, 21, 30), 56.0, <StatusEnum.ERSATZ: 'E'>, datetime.datetime(2026, 2, 21, 18, 54, 48, 72171))
2026-02-21 18:55:19,552 [INFO] [sqlalchemy.engine.Engine] INSERT INTO timeseries_data (id, timeseries_id, timestamp, value, status, created_at) VALUES (nextval('timeseries_data_id_seq'), $1::INTEGER, $2::DATE, $3::FLOAT, $4::VARCHAR, $5::TIMESTAMP WITHOUT TIME ZONE) RETURNING timeseries_data.id
2026-02-21 18:55:19,553 [INFO] [sqlalchemy.engine.Engine] [insertmanyvalues 87/96 (ordered; batch not supported)] (1, datetime.datetime(2024, 1, 1, 21, 45), 23.0, <StatusEnum.VORLAEUFIG: 'V'>, datetime.datetime(2026, 2, 21, 18, 54, 48, 72171))
2026-02-21 18:55:19,554 [INFO] [sqlalchemy.engine.Engine] INSERT INTO timeseries_data (id, timeseries_id, timestamp, value, status, created_at) VALUES (nextval('timeseries_data_id_seq'), $1::INTEGER, $2::DATE, $3::FLOAT, $4::VARCHAR, $5::TIMESTAMP WITHOUT TIME ZONE) RETURNING timeseries_data.id
2026-02-21 18:55:19,554 [INFO] [sqlalchemy.engine.Engine] [insertmanyvalues 88/96 (ordered; batch not supported)] (1, datetime.datetime(2024, 1, 1, 22, 0), 21.0, <StatusEnum.VORLAEUFIG: 'V'>, datetime.datetime(2026, 2, 21, 18, 54, 48, 72171))
2026-02-21 18:55:19,555 [INFO] [sqlalchemy.engine.Engine] INSERT INTO timeseries_data (id, timeseries_id, timestamp, value, status, created_at) VALUES (nextval('timeseries_data_id_seq'), $1::INTEGER, $2::DATE, $3::FLOAT, $4::VARCHAR, $5::TIMESTAMP WITHOUT TIME ZONE) RETURNING timeseries_data.id
2026-02-21 18:55:19,555 [INFO] [sqlalchemy.engine.Engine] [insertmanyvalues 89/96 (ordered; batch not supported)] (1, datetime.datetime(2024, 1, 1, 22, 15), 3.0, <StatusEnum.WAHR: 'W'>, datetime.datetime(2026, 2, 21, 18, 54, 48, 72171))
2026-02-21 18:55:19,556 [INFO] [sqlalchemy.engine.Engine] INSERT INTO timeseries_data (id, timeseries_id, timestamp, value, status, created_at) VALUES (nextval('timeseries_data_id_seq'), $1::INTEGER, $2::DATE, $3::FLOAT, $4::VARCHAR, $5::TIMESTAMP WITHOUT TIME ZONE) RETURNING timeseries_data.id
2026-02-21 18:55:19,556 [INFO] [sqlalchemy.engine.Engine] [insertmanyvalues 90/96 (ordered; batch not supported)] (1, datetime.datetime(2024, 1, 1, 22, 30), 94.0, <StatusEnum.VORLAEUFIG: 'V'>, datetime.datetime(2026, 2, 21, 18, 54, 48, 72171))
2026-02-21 18:55:19,557 [INFO] [sqlalchemy.engine.Engine] INSERT INTO timeseries_data (id, timeseries_id, timestamp, value, status, created_at) VALUES (nextval('timeseries_data_id_seq'), $1::INTEGER, $2::DATE, $3::FLOAT, $4::VARCHAR, $5::TIMESTAMP WITHOUT TIME ZONE) RETURNING timeseries_data.id
2026-02-21 18:55:19,557 [INFO] [sqlalchemy.engine.Engine] [insertmanyvalues 91/96 (ordered; batch not supported)] (1, datetime.datetime(2024, 1, 1, 22, 45), 7.0, <StatusEnum.ERSATZ: 'E'>, datetime.datetime(2026, 2, 21, 18, 54, 48, 72171))
2026-02-21 18:55:19,558 [INFO] [sqlalchemy.engine.Engine] INSERT INTO timeseries_data (id, timeseries_id, timestamp, value, status, created_at) VALUES (nextval('timeseries_data_id_seq'), $1::INTEGER, $2::DATE, $3::FLOAT, $4::VARCHAR, $5::TIMESTAMP WITHOUT TIME ZONE) RETURNING timeseries_data.id
2026-02-21 18:55:19,558 [INFO] [sqlalchemy.engine.Engine] [insertmanyvalues 92/96 (ordered; batch not supported)] (1, datetime.datetime(2024, 1, 1, 23, 0), 66.0, <StatusEnum.WAHR: 'W'>, datetime.datetime(2026, 2, 21, 18, 54, 48, 72171))
2026-02-21 18:55:19,559 [INFO] [sqlalchemy.engine.Engine] INSERT INTO timeseries_data (id, timeseries_id, timestamp, value, status, created_at) VALUES (nextval('timeseries_data_id_seq'), $1::INTEGER, $2::DATE, $3::FLOAT, $4::VARCHAR, $5::TIMESTAMP WITHOUT TIME ZONE) RETURNING timeseries_data.id
2026-02-21 18:55:19,559 [INFO] [sqlalchemy.engine.Engine] [insertmanyvalues 93/96 (ordered; batch not supported)] (1, datetime.datetime(2024, 1, 1, 23, 15), 99.0, <StatusEnum.VORLAEUFIG: 'V'>, datetime.datetime(2026, 2, 21, 18, 54, 48, 72171))
2026-02-21 18:55:19,560 [INFO] [sqlalchemy.engine.Engine] INSERT INTO timeseries_data (id, timeseries_id, timestamp, value, status, created_at) VALUES (nextval('timeseries_data_id_seq'), $1::INTEGER, $2::DATE, $3::FLOAT, $4::VARCHAR, $5::TIMESTAMP WITHOUT TIME ZONE) RETURNING timeseries_data.id
2026-02-21 18:55:19,560 [INFO] [sqlalchemy.engine.Engine] [insertmanyvalues 94/96 (ordered; batch not supported)] (1, datetime.datetime(2024, 1, 1, 23, 30), 44.0, <StatusEnum.VORLAEUFIG: 'V'>, datetime.datetime(2026, 2, 21, 18, 54, 48, 72171))
2026-02-21 18:55:19,561 [INFO] [sqlalchemy.engine.Engine] INSERT INTO timeseries_data (id, timeseries_id, timestamp, value, status, created_at) VALUES (nextval('timeseries_data_id_seq'), $1::INTEGER, $2::DATE, $3::FLOAT, $4::VARCHAR, $5::TIMESTAMP WITHOUT TIME ZONE) RETURNING timeseries_data.id
2026-02-21 18:55:19,561 [INFO] [sqlalchemy.engine.Engine] [insertmanyvalues 95/96 (ordered; batch not supported)] (1, datetime.datetime(2024, 1, 1, 23, 45), 2.0, <StatusEnum.ERSATZ: 'E'>, datetime.datetime(2026, 2, 21, 18, 54, 48, 72171))
2026-02-21 18:55:19,562 [INFO] [sqlalchemy.engine.Engine] INSERT INTO timeseries_data (id, timeseries_id, timestamp, value, status, created_at) VALUES (nextval('timeseries_data_id_seq'), $1::INTEGER, $2::DATE, $3::FLOAT, $4::VARCHAR, $5::TIMESTAMP WITHOUT TIME ZONE) RETURNING timeseries_data.id
2026-02-21 18:55:19,562 [INFO] [sqlalchemy.engine.Engine] [insertmanyvalues 96/96 (ordered; batch not supported)] (1, datetime.datetime(2024, 1, 2, 0, 0), 59.0, <StatusEnum.VORLAEUFIG: 'V'>, datetime.datetime(2026, 2, 21, 18, 54, 48, 72171))
2026-02-21 18:55:19,575 [INFO] [sqlalchemy.engine.Engine] COMMIT
2026-03-02 19:15:06,433 [INFO] [sqlalchemy.engine.Engine] select pg_catalog.version()
2026-03-02 19:15:06,435 [INFO] [sqlalchemy.engine.Engine] [raw sql] ()
2026-03-02 19:15:06,444 [INFO] [sqlalchemy.engine.Engine] select current_schema()
2026-03-02 19:15:06,444 [INFO] [sqlalchemy.engine.Engine] [raw sql] ()
2026-03-02 19:15:06,447 [INFO] [sqlalchemy.engine.Engine] show standard_conforming_strings
2026-03-02 19:15:06,448 [INFO] [sqlalchemy.engine.Engine] [raw sql] ()
2026-03-02 19:15:06,450 [INFO] [sqlalchemy.engine.Engine] BEGIN (implicit)
2026-03-02 19:15:06,454 [INFO] [sqlalchemy.engine.Engine] SELECT pg_catalog.pg_class.relname 
FROM pg_catalog.pg_class JOIN pg_catalog.pg_namespace ON pg_catalog.pg_namespace.oid = pg_catalog.pg_class.relnamespace 
WHERE pg_catalog.pg_class.relname = $1::VARCHAR AND pg_catalog.pg_class.relkind = ANY (ARRAY[$2::VARCHAR, $3::VARCHAR, $4::VARCHAR, $5::VARCHAR, $6::VARCHAR]) AND pg_catalog.pg_table_is_visible(pg_catalog.pg_class.oid) AND pg_catalog.pg_namespace.nspname != $7::VARCHAR
2026-03-02 19:15:06,454 [INFO] [sqlalchemy.engine.Engine] [generated in 0.00056s] ('timeseries', 'r', 'p', 'f', 'v', 'm', 'pg_catalog')
2026-03-02 19:15:06,465 [INFO] [sqlalchemy.engine.Engine] SELECT pg_catalog.pg_class.relname 
FROM pg_catalog.pg_class JOIN pg_catalog.pg_namespace ON pg_catalog.pg_namespace.oid = pg_catalog.pg_class.relnamespace 
WHERE pg_catalog.pg_class.relname = $1::VARCHAR AND pg_catalog.pg_class.relkind = ANY (ARRAY[$2::VARCHAR, $3::VARCHAR, $4::VARCHAR, $5::VARCHAR, $6::VARCHAR]) AND pg_catalog.pg_table_is_visible(pg_catalog.pg_class.oid) AND pg_catalog.pg_namespace.nspname != $7::VARCHAR
2026-03-02 19:15:06,465 [INFO] [sqlalchemy.engine.Engine] [cached since 0.01147s ago] ('timeseries_data', 'r', 'p', 'f', 'v', 'm', 'pg_catalog')
2026-03-02 19:15:06,468 [INFO] [sqlalchemy.engine.Engine] SELECT pg_catalog.pg_class.relname 
FROM pg_catalog.pg_class JOIN pg_catalog.pg_namespace ON pg_catalog.pg_namespace.oid = pg_catalog.pg_class.relnamespace 
WHERE pg_catalog.pg_class.relkind = $1::CHAR AND pg_catalog.pg_class.relname = $2::VARCHAR AND pg_catalog.pg_table_is_visible(pg_catalog.pg_class.oid) AND pg_catalog.pg_namespace.nspname != $3::VARCHAR
2026-03-02 19:15:06,468 [INFO] [sqlalchemy.engine.Engine] [generated in 0.00045s] ('S', 'timeseries_id_seq', 'pg_catalog')
2026-03-02 19:15:06,471 [INFO] [sqlalchemy.engine.Engine] SELECT pg_catalog.pg_class.relname 
FROM pg_catalog.pg_class JOIN pg_catalog.pg_namespace ON pg_catalog.pg_namespace.oid = pg_catalog.pg_class.relnamespace 
WHERE pg_catalog.pg_class.relkind = $1::CHAR AND pg_catalog.pg_class.relname = $2::VARCHAR AND pg_catalog.pg_table_is_visible(pg_catalog.pg_class.oid) AND pg_catalog.pg_namespace.nspname != $3::VARCHAR
2026-03-02 19:15:06,472 [INFO] [sqlalchemy.engine.Engine] [cached since 0.003866s ago] ('S', 'timeseries_data_id_seq', 'pg_catalog')
2026-03-02 19:15:06,475 [INFO] [sqlalchemy.engine.Engine] SELECT pg_catalog.pg_type.typname 
FROM pg_catalog.pg_type JOIN pg_catalog.pg_namespace ON pg_catalog.pg_namespace.oid = pg_catalog.pg_type.typnamespace 
WHERE pg_catalog.pg_type.typname = $1::VARCHAR AND pg_catalog.pg_type_is_visible(pg_catalog.pg_type.oid) AND pg_catalog.pg_namespace.nspname != $2::VARCHAR
2026-03-02 19:15:06,475 [INFO] [sqlalchemy.engine.Engine] [generated in 0.00045s] ('status_enum', 'pg_catalog')
2026-03-02 19:15:06,478 [INFO] [sqlalchemy.engine.Engine] SELECT pg_catalog.pg_class.relname 
FROM pg_catalog.pg_class JOIN pg_catalog.pg_namespace ON pg_catalog.pg_namespace.oid = pg_catalog.pg_class.relnamespace 
WHERE pg_catalog.pg_class.relname = $1::VARCHAR AND pg_catalog.pg_class.relkind = ANY (ARRAY[$2::VARCHAR, $3::VARCHAR, $4::VARCHAR, $5::VARCHAR, $6::VARCHAR]) AND pg_catalog.pg_table_is_visible(pg_catalog.pg_class.oid) AND pg_catalog.pg_namespace.nspname != $7::VARCHAR
2026-03-02 19:15:06,479 [INFO] [sqlalchemy.engine.Engine] [cached since 0.02478s ago] ('timeseries', 'r', 'p', 'f', 'v', 'm', 'pg_catalog')
2026-03-02 19:15:06,480 [INFO] [sqlalchemy.engine.Engine] SELECT pg_catalog.pg_class.relname 
FROM pg_catalog.pg_class JOIN pg_catalog.pg_namespace ON pg_catalog.pg_namespace.oid = pg_catalog.pg_class.relnamespace 
WHERE pg_catalog.pg_class.relname = $1::VARCHAR AND pg_catalog.pg_class.relkind = ANY (ARRAY[$2::VARCHAR, $3::VARCHAR, $4::VARCHAR, $5::VARCHAR, $6::VARCHAR]) AND pg_catalog.pg_table_is_visible(pg_catalog.pg_class.oid) AND pg_catalog.pg_namespace.nspname != $7::VARCHAR
2026-03-02 19:15:06,480 [INFO] [sqlalchemy.engine.Engine] [cached since 0.02665s ago] ('timeseries_data', 'r', 'p', 'f', 'v', 'm', 'pg_catalog')
2026-03-02 19:15:06,483 [INFO] [sqlalchemy.engine.Engine] SELECT pg_catalog.pg_type.typname 
FROM pg_catalog.pg_type JOIN pg_catalog.pg_namespace ON pg_catalog.pg_namespace.oid = pg_catalog.pg_type.typnamespace 
WHERE pg_catalog.pg_type.typname = $1::VARCHAR AND pg_catalog.pg_type_is_visible(pg_catalog.pg_type.oid) AND pg_catalog.pg_namespace.nspname != $2::VARCHAR
2026-03-02 19:15:06,483 [INFO] [sqlalchemy.engine.Engine] [cached since 0.00811s ago] ('status_enum', 'pg_catalog')
2026-03-02 19:15:06,484 [INFO] [sqlalchemy.engine.Engine] CREATE TYPE status_enum AS ENUM ('VORLAEUFIG', 'ERSATZ', 'WAHR')
2026-03-02 19:15:06,485 [INFO] [sqlalchemy.engine.Engine] [no key 0.00030s] ()
2026-03-02 19:15:06,488 [INFO] [sqlalchemy.engine.Engine] SELECT pg_catalog.pg_class.relname 
FROM pg_catalog.pg_class JOIN pg_catalog.pg_namespace ON pg_catalog.pg_namespace.oid = pg_catalog.pg_class.relnamespace 
WHERE pg_catalog.pg_class.relkind = $1::CHAR AND pg_catalog.pg_class.relname = $2::VARCHAR AND pg_catalog.pg_table_is_visible(pg_catalog.pg_class.oid) AND pg_catalog.pg_namespace.nspname != $3::VARCHAR
2026-03-02 19:15:06,489 [INFO] [sqlalchemy.engine.Engine] [cached since 0.02064s ago] ('S', 'timeseries_id_seq', 'pg_catalog')
2026-03-02 19:15:06,491 [INFO] [sqlalchemy.engine.Engine] CREATE SEQUENCE timeseries_id_seq
2026-03-02 19:15:06,491 [INFO] [sqlalchemy.engine.Engine] [no key 0.00029s] ()
2026-03-02 19:15:06,494 [INFO] [sqlalchemy.engine.Engine] 
CREATE TABLE timeseries (
	id INTEGER NOT NULL, 
	name VARCHAR(50) NOT NULL, 
	description VARCHAR(100), 
	CONSTRAINT pk_timeseries_id PRIMARY KEY (id), 
	CONSTRAINT uq_timeseries_name UNIQUE (name)
)


2026-03-02 19:15:06,495 [INFO] [sqlalchemy.engine.Engine] [no key 0.00050s] ()
2026-03-02 19:15:06,509 [INFO] [sqlalchemy.engine.Engine] SELECT pg_catalog.pg_class.relname 
FROM pg_catalog.pg_class JOIN pg_catalog.pg_namespace ON pg_catalog.pg_namespace.oid = pg_catalog.pg_class.relnamespace 
WHERE pg_catalog.pg_class.relkind = $1::CHAR AND pg_catalog.pg_class.relname = $2::VARCHAR AND pg_catalog.pg_table_is_visible(pg_catalog.pg_class.oid) AND pg_catalog.pg_namespace.nspname != $3::VARCHAR
2026-03-02 19:15:06,509 [INFO] [sqlalchemy.engine.Engine] [cached since 0.04102s ago] ('S', 'timeseries_data_id_seq', 'pg_catalog')
2026-03-02 19:15:06,511 [INFO] [sqlalchemy.engine.Engine] CREATE SEQUENCE timeseries_data_id_seq
2026-03-02 19:15:06,512 [INFO] [sqlalchemy.engine.Engine] [no key 0.00030s] ()
2026-03-02 19:15:06,515 [INFO] [sqlalchemy.engine.Engine] 
CREATE TABLE timeseries_data (
	id INTEGER NOT NULL, 
	timeseries_id INTEGER NOT NULL, 
	timestamp TIMESTAMP WITHOUT TIME ZONE NOT NULL, 
	value FLOAT NOT NULL, 
	status status_enum NOT NULL, 
	created_at TIMESTAMP WITHOUT TIME ZONE DEFAULT now() NOT NULL, 
	CONSTRAINT pk_timeseries_data_id PRIMARY KEY (id, timestamp), 
	CONSTRAINT fk_timeseries_data_timeseries_id FOREIGN KEY(timeseries_id) REFERENCES timeseries (id)
)


2026-03-02 19:15:06,515 [INFO] [sqlalchemy.engine.Engine] [no key 0.00062s] ()
2026-03-02 19:15:06,523 [INFO] [sqlalchemy.engine.Engine] 
            SELECT create_hypertable(
                'timeseries_data',
                'timestamp',
                chunk_time_interval => INTERVAL '1 day',
                if_not_exists => TRUE
            );
            
2026-03-02 19:15:06,524 [INFO] [sqlalchemy.engine.Engine] [no key 0.00051s] ()
2026-03-02 19:15:06,531 [INFO] [sqlalchemy.engine.Engine] COMMIT
2026-03-02 19:15:28,559 [INFO] [sqlalchemy.engine.Engine] BEGIN (implicit)
2026-03-02 19:15:28,562 [INFO] [sqlalchemy.engine.Engine] INSERT INTO timeseries (id, name) VALUES (nextval('timeseries_id_seq'), $1::VARCHAR) ON CONFLICT (name) DO NOTHING RETURNING timeseries.id, timeseries.name, timeseries.description
2026-03-02 19:15:28,562 [INFO] [sqlalchemy.engine.Engine] [no key 0.00048s] ('timeseries_data',)
2026-03-02 19:15:28,570 [INFO] [sqlalchemy.engine.Engine] INSERT INTO timeseries_data (id, timeseries_id, timestamp, value, status) VALUES (nextval('timeseries_data_id_seq'), $1::INTEGER, $2::TIMESTAMP WITHOUT TIME ZONE, $3::FLOAT, $4::status_enum)
2026-03-02 19:15:28,570 [INFO] [sqlalchemy.engine.Engine] [no key 0.00086s] [(1, datetime.datetime(2024, 1, 1, 0, 15), 21.0, 'ERSATZ'), (1, datetime.datetime(2024, 1, 1, 0, 30), 3.0, 'VORLAEUFIG'), (1, datetime.datetime(2024, 1, 1, 0, 45), 87.0, 'WAHR'), (1, datetime.datetime(2024, 1, 1, 1, 0), 21.0, 'WAHR'), (1, datetime.datetime(2024, 1, 1, 1, 15), 66.0, 'VORLAEUFIG'), (1, datetime.datetime(2024, 1, 1, 1, 30), 52.0, 'ERSATZ'), (1, datetime.datetime(2024, 1, 1, 1, 45), 89.0, 'WAHR'), (1, datetime.datetime(2024, 1, 1, 2, 0), 38.0, 'WAHR')  ... displaying 10 of 96 total bound parameter sets ...  (1, datetime.datetime(2024, 1, 1, 23, 45), 2.0, 'ERSATZ'), (1, datetime.datetime(2024, 1, 2, 0, 0), 59.0, 'VORLAEUFIG')]
2026-03-02 19:15:28,637 [INFO] [sqlalchemy.engine.Engine] COMMIT
2026-03-02 19:15:40,244 [INFO] [sqlalchemy.engine.Engine] BEGIN (implicit)
2026-03-02 19:15:40,245 [INFO] [sqlalchemy.engine.Engine] SELECT timeseries.id, timeseries.name, timeseries.description 
FROM timeseries 
WHERE timeseries.id = $1::INTEGER
2026-03-02 19:15:40,246 [INFO] [sqlalchemy.engine.Engine] [generated in 0.00055s] (1,)
2026-03-02 19:15:40,250 [INFO] [sqlalchemy.engine.Engine] SELECT DISTINCT ON (timeseries_data.timestamp) timeseries_data.id, timeseries_data.timeseries_id, timeseries_data.timestamp, timeseries_data.value, timeseries_data.status, timeseries_data.created_at 
FROM timeseries_data 
WHERE timeseries_data.timeseries_id = $1::INTEGER ORDER BY timeseries_data.timestamp, timeseries_data.created_at DESC
2026-03-02 19:15:40,251 [INFO] [sqlalchemy.engine.Engine] [generated in 0.00052s] (1,)
2026-03-02 19:15:40,257 [INFO] [sqlalchemy.engine.Engine] COMMIT
2026-03-02 19:17:13,646 [INFO] [sqlalchemy.engine.Engine] select pg_catalog.version()
2026-03-02 19:17:13,646 [INFO] [sqlalchemy.engine.Engine] [raw sql] ()
2026-03-02 19:17:13,652 [INFO] [sqlalchemy.engine.Engine] select current_schema()
2026-03-02 19:17:13,653 [INFO] [sqlalchemy.engine.Engine] [raw sql] ()
2026-03-02 19:17:13,655 [INFO] [sqlalchemy.engine.Engine] show standard_conforming_strings
2026-03-02 19:17:13,655 [INFO] [sqlalchemy.engine.Engine] [raw sql] ()
2026-03-02 19:17:13,656 [INFO] [sqlalchemy.engine.Engine] BEGIN (implicit)
2026-03-02 19:17:13,658 [INFO] [sqlalchemy.engine.Engine] SELECT pg_catalog.pg_class.relname 
FROM pg_catalog.pg_class JOIN pg_catalog.pg_namespace ON pg_catalog.pg_namespace.oid = pg_catalog.pg_class.relnamespace 
WHERE pg_catalog.pg_class.relname = $1::VARCHAR AND pg_catalog.pg_class.relkind = ANY (ARRAY[$2::VARCHAR, $3::VARCHAR, $4::VARCHAR, $5::VARCHAR, $6::VARCHAR]) AND pg_catalog.pg_table_is_visible(pg_catalog.pg_class.oid) AND pg_catalog.pg_namespace.nspname != $7::VARCHAR
2026-03-02 19:17:13,658 [INFO] [sqlalchemy.engine.Engine] [generated in 0.00043s] ('timeseries', 'r', 'p', 'f', 'v', 'm', 'pg_catalog')
2026-03-02 19:17:13,665 [INFO] [sqlalchemy.engine.Engine] SELECT pg_catalog.pg_class.relname 
FROM pg_catalog.pg_class JOIN pg_catalog.pg_namespace ON pg_catalog.pg_namespace.oid = pg_catalog.pg_class.relnamespace 
WHERE pg_catalog.pg_class.relname = $1::VARCHAR AND pg_catalog.pg_class.relkind = ANY (ARRAY[$2::VARCHAR, $3::VARCHAR, $4::VARCHAR, $5::VARCHAR, $6::VARCHAR]) AND pg_catalog.pg_table_is_visible(pg_catalog.pg_class.oid) AND pg_catalog.pg_namespace.nspname != $7::VARCHAR
2026-03-02 19:17:13,665 [INFO] [sqlalchemy.engine.Engine] [cached since 0.007105s ago] ('timeseries_data', 'r', 'p', 'f', 'v', 'm', 'pg_catalog')
2026-03-02 19:17:13,667 [INFO] [sqlalchemy.engine.Engine] SELECT pg_catalog.pg_class.relname 
FROM pg_catalog.pg_class JOIN pg_catalog.pg_namespace ON pg_catalog.pg_namespace.oid = pg_catalog.pg_class.relnamespace 
WHERE pg_catalog.pg_class.relkind = $1::CHAR AND pg_catalog.pg_class.relname = $2::VARCHAR AND pg_catalog.pg_table_is_visible(pg_catalog.pg_class.oid) AND pg_catalog.pg_namespace.nspname != $3::VARCHAR
2026-03-02 19:17:13,667 [INFO] [sqlalchemy.engine.Engine] [generated in 0.00025s] ('S', 'timeseries_id_seq', 'pg_catalog')
2026-03-02 19:17:13,668 [INFO] [sqlalchemy.engine.Engine] SELECT pg_catalog.pg_class.relname 
FROM pg_catalog.pg_class JOIN pg_catalog.pg_namespace ON pg_catalog.pg_namespace.oid = pg_catalog.pg_class.relnamespace 
WHERE pg_catalog.pg_class.relkind = $1::CHAR AND pg_catalog.pg_class.relname = $2::VARCHAR AND pg_catalog.pg_table_is_visible(pg_catalog.pg_class.oid) AND pg_catalog.pg_namespace.nspname != $3::VARCHAR
2026-03-02 19:17:13,669 [INFO] [sqlalchemy.engine.Engine] [cached since 0.002121s ago] ('S', 'timeseries_data_id_seq', 'pg_catalog')
2026-03-02 19:17:13,670 [INFO] [sqlalchemy.engine.Engine] 
DROP TABLE timeseries_data
2026-03-02 19:17:13,670 [INFO] [sqlalchemy.engine.Engine] [no key 0.00016s] ()
2026-03-02 19:17:13,678 [INFO] [sqlalchemy.engine.Engine] 
DROP TABLE timeseries
2026-03-02 19:17:13,678 [INFO] [sqlalchemy.engine.Engine] [no key 0.00021s] ()
2026-03-02 19:17:13,680 [INFO] [sqlalchemy.engine.Engine] SELECT pg_catalog.pg_class.relname 
FROM pg_catalog.pg_class JOIN pg_catalog.pg_namespace ON pg_catalog.pg_namespace.oid = pg_catalog.pg_class.relnamespace 
WHERE pg_catalog.pg_class.relkind = $1::CHAR AND pg_catalog.pg_class.relname = $2::VARCHAR AND pg_catalog.pg_table_is_visible(pg_catalog.pg_class.oid) AND pg_catalog.pg_namespace.nspname != $3::VARCHAR
2026-03-02 19:17:13,681 [INFO] [sqlalchemy.engine.Engine] [cached since 0.01406s ago] ('S', 'timeseries_id_seq', 'pg_catalog')
2026-03-02 19:17:13,682 [INFO] [sqlalchemy.engine.Engine] DROP SEQUENCE timeseries_id_seq
2026-03-02 19:17:13,682 [INFO] [sqlalchemy.engine.Engine] [no key 0.00015s] ()
2026-03-02 19:17:13,684 [INFO] [sqlalchemy.engine.Engine] SELECT pg_catalog.pg_class.relname 
FROM pg_catalog.pg_class JOIN pg_catalog.pg_namespace ON pg_catalog.pg_namespace.oid = pg_catalog.pg_class.relnamespace 
WHERE pg_catalog.pg_class.relkind = $1::CHAR AND pg_catalog.pg_class.relname = $2::VARCHAR AND pg_catalog.pg_table_is_visible(pg_catalog.pg_class.oid) AND pg_catalog.pg_namespace.nspname != $3::VARCHAR
2026-03-02 19:17:13,684 [INFO] [sqlalchemy.engine.Engine] [cached since 0.01729s ago] ('S', 'timeseries_data_id_seq', 'pg_catalog')
2026-03-02 19:17:13,685 [INFO] [sqlalchemy.engine.Engine] DROP SEQUENCE timeseries_data_id_seq
2026-03-02 19:17:13,686 [INFO] [sqlalchemy.engine.Engine] [no key 0.00020s] ()
2026-03-02 19:17:13,687 [INFO] [sqlalchemy.engine.Engine] SELECT pg_catalog.pg_class.relname 
FROM pg_catalog.pg_class JOIN pg_catalog.pg_namespace ON pg_catalog.pg_namespace.oid = pg_catalog.pg_class.relnamespace 
WHERE pg_catalog.pg_class.relname = $1::VARCHAR AND pg_catalog.pg_class.relkind = ANY (ARRAY[$2::VARCHAR, $3::VARCHAR, $4::VARCHAR, $5::VARCHAR, $6::VARCHAR]) AND pg_catalog.pg_table_is_visible(pg_catalog.pg_class.oid) AND pg_catalog.pg_namespace.nspname != $7::VARCHAR
2026-03-02 19:17:13,687 [INFO] [sqlalchemy.engine.Engine] [cached since 0.0294s ago] ('timeseries', 'r', 'p', 'f', 'v', 'm', 'pg_catalog')
2026-03-02 19:17:13,688 [INFO] [sqlalchemy.engine.Engine] SELECT pg_catalog.pg_class.relname 
FROM pg_catalog.pg_class JOIN pg_catalog.pg_namespace ON pg_catalog.pg_namespace.oid = pg_catalog.pg_class.relnamespace 
WHERE pg_catalog.pg_class.relname = $1::VARCHAR AND pg_catalog.pg_class.relkind = ANY (ARRAY[$2::VARCHAR, $3::VARCHAR, $4::VARCHAR, $5::VARCHAR, $6::VARCHAR]) AND pg_catalog.pg_table_is_visible(pg_catalog.pg_class.oid) AND pg_catalog.pg_namespace.nspname != $7::VARCHAR
2026-03-02 19:17:13,689 [INFO] [sqlalchemy.engine.Engine] [cached since 0.0307s ago] ('timeseries_data', 'r', 'p', 'f', 'v', 'm', 'pg_catalog')
2026-03-02 19:17:13,690 [INFO] [sqlalchemy.engine.Engine] SELECT pg_catalog.pg_class.relname 
FROM pg_catalog.pg_class JOIN pg_catalog.pg_namespace ON pg_catalog.pg_namespace.oid = pg_catalog.pg_class.relnamespace 
WHERE pg_catalog.pg_class.relkind = $1::CHAR AND pg_catalog.pg_class.relname = $2::VARCHAR AND pg_catalog.pg_table_is_visible(pg_catalog.pg_class.oid) AND pg_catalog.pg_namespace.nspname != $3::VARCHAR
2026-03-02 19:17:13,690 [INFO] [sqlalchemy.engine.Engine] [cached since 0.02322s ago] ('S', 'timeseries_id_seq', 'pg_catalog')
2026-03-02 19:17:13,692 [INFO] [sqlalchemy.engine.Engine] CREATE SEQUENCE timeseries_id_seq
2026-03-02 19:17:13,692 [INFO] [sqlalchemy.engine.Engine] [no key 0.00019s] ()
2026-03-02 19:17:13,693 [INFO] [sqlalchemy.engine.Engine] 
CREATE TABLE timeseries (
	id INTEGER NOT NULL, 
	name VARCHAR(50) NOT NULL, 
	description VARCHAR(100), 
	CONSTRAINT pk_timeseries_id PRIMARY KEY (id), 
	CONSTRAINT uq_timeseries_name UNIQUE (name)
)


2026-03-02 19:17:13,694 [INFO] [sqlalchemy.engine.Engine] [no key 0.00033s] ()
2026-03-02 19:17:13,703 [INFO] [sqlalchemy.engine.Engine] SELECT pg_catalog.pg_class.relname 
FROM pg_catalog.pg_class JOIN pg_catalog.pg_namespace ON pg_catalog.pg_namespace.oid = pg_catalog.pg_class.relnamespace 
WHERE pg_catalog.pg_class.relkind = $1::CHAR AND pg_catalog.pg_class.relname = $2::VARCHAR AND pg_catalog.pg_table_is_visible(pg_catalog.pg_class.oid) AND pg_catalog.pg_namespace.nspname != $3::VARCHAR
2026-03-02 19:17:13,703 [INFO] [sqlalchemy.engine.Engine] [cached since 0.03646s ago] ('S', 'timeseries_data_id_seq', 'pg_catalog')
2026-03-02 19:17:13,704 [INFO] [sqlalchemy.engine.Engine] CREATE SEQUENCE timeseries_data_id_seq
2026-03-02 19:17:13,705 [INFO] [sqlalchemy.engine.Engine] [no key 0.00018s] ()
2026-03-02 19:17:13,706 [INFO] [sqlalchemy.engine.Engine] 
CREATE TABLE timeseries_data (
	id INTEGER NOT NULL, 
	timeseries_id INTEGER NOT NULL, 
	timestamp TIMESTAMP WITHOUT TIME ZONE NOT NULL, 
	value FLOAT NOT NULL, 
	status VARCHAR(1) NOT NULL, 
	created_at TIMESTAMP WITHOUT TIME ZONE DEFAULT now() NOT NULL, 
	CONSTRAINT pk_timeseries_data_id PRIMARY KEY (id, timestamp), 
	CONSTRAINT fk_timeseries_data_timeseries_id FOREIGN KEY(timeseries_id) REFERENCES timeseries (id)
)


2026-03-02 19:17:13,706 [INFO] [sqlalchemy.engine.Engine] [no key 0.00029s] ()
2026-03-02 19:17:13,713 [INFO] [sqlalchemy.engine.Engine] 
            SELECT create_hypertable(
                'timeseries_data',
                'timestamp',
                chunk_time_interval => INTERVAL '1 day',
                if_not_exists => TRUE
            );
            
2026-03-02 19:17:13,713 [INFO] [sqlalchemy.engine.Engine] [no key 0.00031s] ()
2026-03-02 19:17:13,722 [INFO] [sqlalchemy.engine.Engine] COMMIT
2026-03-02 19:20:41,194 [INFO] [sqlalchemy.engine.Engine] select pg_catalog.version()
2026-03-02 19:20:41,194 [INFO] [sqlalchemy.engine.Engine] [raw sql] ()
2026-03-02 19:20:41,200 [INFO] [sqlalchemy.engine.Engine] select current_schema()
2026-03-02 19:20:41,200 [INFO] [sqlalchemy.engine.Engine] [raw sql] ()
2026-03-02 19:20:41,202 [INFO] [sqlalchemy.engine.Engine] show standard_conforming_strings
2026-03-02 19:20:41,202 [INFO] [sqlalchemy.engine.Engine] [raw sql] ()
2026-03-02 19:20:41,203 [INFO] [sqlalchemy.engine.Engine] BEGIN (implicit)
2026-03-02 19:20:41,205 [INFO] [sqlalchemy.engine.Engine] SELECT pg_catalog.pg_class.relname 
FROM pg_catalog.pg_class JOIN pg_catalog.pg_namespace ON pg_catalog.pg_namespace.oid = pg_catalog.pg_class.relnamespace 
WHERE pg_catalog.pg_class.relname = $1::VARCHAR AND pg_catalog.pg_class.relkind = ANY (ARRAY[$2::VARCHAR, $3::VARCHAR, $4::VARCHAR, $5::VARCHAR, $6::VARCHAR]) AND pg_catalog.pg_table_is_visible(pg_catalog.pg_class.oid) AND pg_catalog.pg_namespace.nspname != $7::VARCHAR
2026-03-02 19:20:41,206 [INFO] [sqlalchemy.engine.Engine] [generated in 0.00029s] ('timeseries', 'r', 'p', 'f', 'v', 'm', 'pg_catalog')
2026-03-02 19:20:41,212 [INFO] [sqlalchemy.engine.Engine] SELECT pg_catalog.pg_class.relname 
FROM pg_catalog.pg_class JOIN pg_catalog.pg_namespace ON pg_catalog.pg_namespace.oid = pg_catalog.pg_class.relnamespace 
WHERE pg_catalog.pg_class.relname = $1::VARCHAR AND pg_catalog.pg_class.relkind = ANY (ARRAY[$2::VARCHAR, $3::VARCHAR, $4::VARCHAR, $5::VARCHAR, $6::VARCHAR]) AND pg_catalog.pg_table_is_visible(pg_catalog.pg_class.oid) AND pg_catalog.pg_namespace.nspname != $7::VARCHAR
2026-03-02 19:20:41,212 [INFO] [sqlalchemy.engine.Engine] [cached since 0.007097s ago] ('timeseries_data', 'r', 'p', 'f', 'v', 'm', 'pg_catalog')
2026-03-02 19:20:41,214 [INFO] [sqlalchemy.engine.Engine] SELECT pg_catalog.pg_class.relname 
FROM pg_catalog.pg_class JOIN pg_catalog.pg_namespace ON pg_catalog.pg_namespace.oid = pg_catalog.pg_class.relnamespace 
WHERE pg_catalog.pg_class.relkind = $1::CHAR AND pg_catalog.pg_class.relname = $2::VARCHAR AND pg_catalog.pg_table_is_visible(pg_catalog.pg_class.oid) AND pg_catalog.pg_namespace.nspname != $3::VARCHAR
2026-03-02 19:20:41,214 [INFO] [sqlalchemy.engine.Engine] [generated in 0.00031s] ('S', 'timeseries_id_seq', 'pg_catalog')
2026-03-02 19:20:41,216 [INFO] [sqlalchemy.engine.Engine] SELECT pg_catalog.pg_class.relname 
FROM pg_catalog.pg_class JOIN pg_catalog.pg_namespace ON pg_catalog.pg_namespace.oid = pg_catalog.pg_class.relnamespace 
WHERE pg_catalog.pg_class.relkind = $1::CHAR AND pg_catalog.pg_class.relname = $2::VARCHAR AND pg_catalog.pg_table_is_visible(pg_catalog.pg_class.oid) AND pg_catalog.pg_namespace.nspname != $3::VARCHAR
2026-03-02 19:20:41,216 [INFO] [sqlalchemy.engine.Engine] [cached since 0.002147s ago] ('S', 'timeseries_data_id_seq', 'pg_catalog')
2026-03-02 19:20:41,217 [INFO] [sqlalchemy.engine.Engine] SELECT pg_catalog.pg_class.relname 
FROM pg_catalog.pg_class JOIN pg_catalog.pg_namespace ON pg_catalog.pg_namespace.oid = pg_catalog.pg_class.relnamespace 
WHERE pg_catalog.pg_class.relname = $1::VARCHAR AND pg_catalog.pg_class.relkind = ANY (ARRAY[$2::VARCHAR, $3::VARCHAR, $4::VARCHAR, $5::VARCHAR, $6::VARCHAR]) AND pg_catalog.pg_table_is_visible(pg_catalog.pg_class.oid) AND pg_catalog.pg_namespace.nspname != $7::VARCHAR
2026-03-02 19:20:41,217 [INFO] [sqlalchemy.engine.Engine] [cached since 0.01188s ago] ('timeseries', 'r', 'p', 'f', 'v', 'm', 'pg_catalog')
2026-03-02 19:20:41,218 [INFO] [sqlalchemy.engine.Engine] SELECT pg_catalog.pg_class.relname 
FROM pg_catalog.pg_class JOIN pg_catalog.pg_namespace ON pg_catalog.pg_namespace.oid = pg_catalog.pg_class.relnamespace 
WHERE pg_catalog.pg_class.relname = $1::VARCHAR AND pg_catalog.pg_class.relkind = ANY (ARRAY[$2::VARCHAR, $3::VARCHAR, $4::VARCHAR, $5::VARCHAR, $6::VARCHAR]) AND pg_catalog.pg_table_is_visible(pg_catalog.pg_class.oid) AND pg_catalog.pg_namespace.nspname != $7::VARCHAR
2026-03-02 19:20:41,218 [INFO] [sqlalchemy.engine.Engine] [cached since 0.01315s ago] ('timeseries_data', 'r', 'p', 'f', 'v', 'm', 'pg_catalog')
2026-03-02 19:20:41,220 [INFO] [sqlalchemy.engine.Engine] SELECT pg_catalog.pg_class.relname 
FROM pg_catalog.pg_class JOIN pg_catalog.pg_namespace ON pg_catalog.pg_namespace.oid = pg_catalog.pg_class.relnamespace 
WHERE pg_catalog.pg_class.relkind = $1::CHAR AND pg_catalog.pg_class.relname = $2::VARCHAR AND pg_catalog.pg_table_is_visible(pg_catalog.pg_class.oid) AND pg_catalog.pg_namespace.nspname != $3::VARCHAR
2026-03-02 19:20:41,220 [INFO] [sqlalchemy.engine.Engine] [cached since 0.005873s ago] ('S', 'timeseries_id_seq', 'pg_catalog')
2026-03-02 19:20:41,221 [INFO] [sqlalchemy.engine.Engine] CREATE SEQUENCE timeseries_id_seq
2026-03-02 19:20:41,221 [INFO] [sqlalchemy.engine.Engine] [no key 0.00019s] ()
2026-03-02 19:20:41,223 [INFO] [sqlalchemy.engine.Engine] 
CREATE TABLE timeseries (
	id INTEGER NOT NULL, 
	name VARCHAR(50) NOT NULL, 
	description VARCHAR(100), 
	CONSTRAINT pk_timeseries_id PRIMARY KEY (id), 
	CONSTRAINT uq_timeseries_name UNIQUE (name)
)


2026-03-02 19:20:41,223 [INFO] [sqlalchemy.engine.Engine] [no key 0.00055s] ()
2026-03-02 19:20:41,246 [INFO] [sqlalchemy.engine.Engine] SELECT pg_catalog.pg_class.relname 
FROM pg_catalog.pg_class JOIN pg_catalog.pg_namespace ON pg_catalog.pg_namespace.oid = pg_catalog.pg_class.relnamespace 
WHERE pg_catalog.pg_class.relkind = $1::CHAR AND pg_catalog.pg_class.relname = $2::VARCHAR AND pg_catalog.pg_table_is_visible(pg_catalog.pg_class.oid) AND pg_catalog.pg_namespace.nspname != $3::VARCHAR
2026-03-02 19:20:41,246 [INFO] [sqlalchemy.engine.Engine] [cached since 0.03196s ago] ('S', 'timeseries_data_id_seq', 'pg_catalog')
2026-03-02 19:20:41,247 [INFO] [sqlalchemy.engine.Engine] CREATE SEQUENCE timeseries_data_id_seq
2026-03-02 19:20:41,248 [INFO] [sqlalchemy.engine.Engine] [no key 0.00024s] ()
2026-03-02 19:20:41,249 [INFO] [sqlalchemy.engine.Engine] 
CREATE TABLE timeseries_data (
	id INTEGER NOT NULL, 
	timeseries_id INTEGER NOT NULL, 
	timestamp TIMESTAMP WITHOUT TIME ZONE NOT NULL, 
	value FLOAT NOT NULL, 
	status VARCHAR(1) NOT NULL, 
	created_at TIMESTAMP WITHOUT TIME ZONE DEFAULT clock_timestamp() NOT NULL, 
	CONSTRAINT pk_timeseries_data_id PRIMARY KEY (id, timestamp), 
	CONSTRAINT fk_timeseries_data_timeseries_id FOREIGN KEY(timeseries_id) REFERENCES timeseries (id)
)


2026-03-02 19:20:41,249 [INFO] [sqlalchemy.engine.Engine] [no key 0.00031s] ()
2026-03-02 19:20:41,255 [INFO] [sqlalchemy.engine.Engine] 
            SELECT create_hypertable(
                'timeseries_data',
                'timestamp',
                chunk_time_interval => INTERVAL '1 day',
                if_not_exists => TRUE
            );
            
2026-03-02 19:20:41,255 [INFO] [sqlalchemy.engine.Engine] [no key 0.00027s] ()
2026-03-02 19:20:41,261 [INFO] [sqlalchemy.engine.Engine] COMMIT
2026-03-02 19:20:55,030 [INFO] [sqlalchemy.engine.Engine] BEGIN (implicit)
2026-03-02 19:20:55,033 [INFO] [sqlalchemy.engine.Engine] INSERT INTO timeseries (id, name) VALUES (nextval('timeseries_id_seq'), $1::VARCHAR) ON CONFLICT (name) DO NOTHING RETURNING timeseries.id, timeseries.name, timeseries.description
2026-03-02 19:20:55,033 [INFO] [sqlalchemy.engine.Engine] [no key 0.00046s] ('timeseries_data',)
2026-03-02 19:20:55,039 [INFO] [sqlalchemy.engine.Engine] INSERT INTO timeseries_data (id, timeseries_id, timestamp, value, status) VALUES (nextval('timeseries_data_id_seq'), $1::INTEGER, $2::TIMESTAMP WITHOUT TIME ZONE, $3::FLOAT, $4::VARCHAR)
2026-03-02 19:20:55,039 [INFO] [sqlalchemy.engine.Engine] [no key 0.00056s] [(1, datetime.datetime(2024, 1, 1, 0, 15), 21.0, <StatusEnum.ERSATZ: 'E'>), (1, datetime.datetime(2024, 1, 1, 0, 30), 3.0, <StatusEnum.VORLAEUFIG: 'V'>), (1, datetime.datetime(2024, 1, 1, 0, 45), 87.0, <StatusEnum.WAHR: 'W'>), (1, datetime.datetime(2024, 1, 1, 1, 0), 21.0, <StatusEnum.WAHR: 'W'>), (1, datetime.datetime(2024, 1, 1, 1, 15), 66.0, <StatusEnum.VORLAEUFIG: 'V'>), (1, datetime.datetime(2024, 1, 1, 1, 30), 52.0, <StatusEnum.ERSATZ: 'E'>), (1, datetime.datetime(2024, 1, 1, 1, 45), 89.0, <StatusEnum.WAHR: 'W'>), (1, datetime.datetime(2024, 1, 1, 2, 0), 38.0, <StatusEnum.WAHR: 'W'>)  ... displaying 10 of 96 total bound parameter sets ...  (1, datetime.datetime(2024, 1, 1, 23, 45), 2.0, <StatusEnum.ERSATZ: 'E'>), (1, datetime.datetime(2024, 1, 2, 0, 0), 59.0, <StatusEnum.VORLAEUFIG: 'V'>)]
2026-03-02 19:20:55,095 [INFO] [sqlalchemy.engine.Engine] COMMIT
2026-03-02 19:21:07,269 [INFO] [sqlalchemy.engine.Engine] BEGIN (implicit)
2026-03-02 19:21:07,271 [INFO] [sqlalchemy.engine.Engine] SELECT timeseries.id, timeseries.name, timeseries.description 
FROM timeseries 
WHERE timeseries.id = $1::INTEGER
2026-03-02 19:21:07,272 [INFO] [sqlalchemy.engine.Engine] [generated in 0.00044s] (1,)
2026-03-02 19:21:07,276 [INFO] [sqlalchemy.engine.Engine] SELECT DISTINCT ON (timeseries_data.timestamp) timeseries_data.id, timeseries_data.timeseries_id, timeseries_data.timestamp, timeseries_data.value, timeseries_data.status, timeseries_data.created_at 
FROM timeseries_data 
WHERE timeseries_data.timeseries_id = $1::INTEGER ORDER BY timeseries_data.timestamp, timeseries_data.created_at DESC
2026-03-02 19:21:07,276 [INFO] [sqlalchemy.engine.Engine] [generated in 0.00047s] (1,)
2026-03-02 19:21:07,281 [INFO] [sqlalchemy.engine.Engine] COMMIT
2026-03-02 21:59:28,289 [DEBUG] [asyncio] Using proactor: IocpProactor
2026-03-02 21:59:28,290 [DEBUG] [asyncio] Using proactor: IocpProactor
2026-03-02 21:59:28,358 [DEBUG] [asyncio] Using proactor: IocpProactor
2026-03-02 21:59:28,922 [DEBUG] [asyncio] Using proactor: IocpProactor
2026-03-02 21:59:29,414 [DEBUG] [asyncio] Using proactor: IocpProactor
2026-03-02 21:59:29,432 [INFO] [httpx] HTTP Request: POST http://test/timeseries/ "HTTP/1.1 422 Unprocessable Entity"
2026-03-02 21:59:29,671 [DEBUG] [asyncio] Using proactor: IocpProactor
2026-03-02 21:59:30,305 [DEBUG] [asyncio] Using proactor: IocpProactor
2026-03-02 21:59:30,969 [DEBUG] [asyncio] Using proactor: IocpProactor
2026-03-02 22:01:20,869 [DEBUG] [asyncio] Using proactor: IocpProactor
2026-03-02 22:01:20,870 [DEBUG] [asyncio] Using proactor: IocpProactor
2026-03-02 22:01:20,944 [DEBUG] [asyncio] Using proactor: IocpProactor
2026-03-02 22:01:21,474 [DEBUG] [asyncio] Using proactor: IocpProactor
2026-03-02 22:01:21,871 [DEBUG] [asyncio] Using proactor: IocpProactor
2026-03-02 22:01:21,874 [INFO] [httpx] HTTP Request: POST http://test/timeseries/ "HTTP/1.1 422 Unprocessable Entity"
2026-03-02 22:01:21,892 [DEBUG] [asyncio] Using proactor: IocpProactor
2026-03-02 22:01:22,263 [DEBUG] [asyncio] Using proactor: IocpProactor
2026-03-02 22:01:22,694 [DEBUG] [asyncio] Using proactor: IocpProactor
2026-03-02 22:01:43,839 [DEBUG] [asyncio] Using proactor: IocpProactor
2026-03-02 22:01:43,840 [DEBUG] [asyncio] Using proactor: IocpProactor
2026-03-02 22:01:43,916 [DEBUG] [asyncio] Using proactor: IocpProactor
2026-03-02 22:03:18,170 [DEBUG] [asyncio] Using proactor: IocpProactor
2026-03-02 22:03:18,171 [DEBUG] [asyncio] Using proactor: IocpProactor
2026-03-02 22:03:18,256 [INFO] [httpx] HTTP Request: POST http://test/timeseries/ "HTTP/1.1 201 Created"
2026-03-02 22:03:18,307 [INFO] [httpx] HTTP Request: POST http://test/timeseries/ "HTTP/1.1 201 Created"
2026-03-02 22:03:18,335 [INFO] [httpx] HTTP Request: POST http://test/timeseries/ "HTTP/1.1 422 Unprocessable Entity"
2026-03-02 22:03:18,371 [INFO] [httpx] HTTP Request: POST http://test/timeseries/ "HTTP/1.1 201 Created"
2026-03-02 22:03:18,379 [INFO] [httpx] HTTP Request: POST http://test/timeseries/ "HTTP/1.1 201 Created"
2026-03-02 22:03:18,431 [INFO] [httpx] HTTP Request: POST http://test/timeseries/ "HTTP/1.1 201 Created"
2026-03-02 22:03:18,441 [INFO] [httpx] HTTP Request: GET http://test/timeseries/5 "HTTP/1.1 200 OK"
2026-03-02 22:03:18,488 [INFO] [httpx] HTTP Request: GET http://test/timeseries/99999 "HTTP/1.1 404 Not Found"
2026-03-02 22:06:20,173 [DEBUG] [asyncio] Using proactor: IocpProactor
2026-03-02 22:06:20,174 [DEBUG] [asyncio] Using proactor: IocpProactor
2026-03-02 22:06:20,308 [INFO] [httpx] HTTP Request: POST http://test/timeseries/ "HTTP/1.1 201 Created"
2026-03-02 22:06:20,372 [INFO] [httpx] HTTP Request: POST http://test/timeseries/ "HTTP/1.1 201 Created"
2026-03-02 22:06:20,401 [INFO] [httpx] HTTP Request: POST http://test/timeseries/ "HTTP/1.1 422 Unprocessable Entity"
2026-03-02 22:06:20,439 [INFO] [httpx] HTTP Request: POST http://test/timeseries/ "HTTP/1.1 201 Created"
2026-03-02 22:06:20,447 [INFO] [httpx] HTTP Request: POST http://test/timeseries/ "HTTP/1.1 201 Created"
2026-03-02 22:06:20,499 [INFO] [httpx] HTTP Request: POST http://test/timeseries/ "HTTP/1.1 201 Created"
2026-03-02 22:06:20,509 [INFO] [httpx] HTTP Request: GET http://test/timeseries/5 "HTTP/1.1 200 OK"
2026-03-02 22:06:20,553 [INFO] [httpx] HTTP Request: GET http://test/timeseries/99999 "HTTP/1.1 404 Not Found"
2026-03-02 22:06:49,807 [DEBUG] [asyncio] Using proactor: IocpProactor
2026-03-02 22:06:49,808 [DEBUG] [asyncio] Using proactor: IocpProactor
2026-03-02 22:06:49,965 [INFO] [httpx] HTTP Request: POST http://test/timeseries/ "HTTP/1.1 201 Created"
2026-03-02 22:06:50,021 [INFO] [httpx] HTTP Request: POST http://test/timeseries/ "HTTP/1.1 201 Created"
2026-03-02 22:06:50,050 [INFO] [httpx] HTTP Request: POST http://test/timeseries/ "HTTP/1.1 422 Unprocessable Entity"
2026-03-02 22:06:50,083 [INFO] [httpx] HTTP Request: POST http://test/timeseries/ "HTTP/1.1 201 Created"
2026-03-02 22:06:50,089 [INFO] [httpx] HTTP Request: POST http://test/timeseries/ "HTTP/1.1 201 Created"
2026-03-02 22:06:50,132 [INFO] [httpx] HTTP Request: POST http://test/timeseries/ "HTTP/1.1 201 Created"
2026-03-02 22:06:50,140 [INFO] [httpx] HTTP Request: GET http://test/timeseries/5 "HTTP/1.1 200 OK"
2026-03-02 22:06:50,176 [INFO] [httpx] HTTP Request: GET http://test/timeseries/99999 "HTTP/1.1 404 Not Found"
2026-03-02 22:07:18,156 [DEBUG] [asyncio] Using proactor: IocpProactor
2026-03-02 22:07:18,159 [DEBUG] [asyncio] Using proactor: IocpProactor
2026-03-02 22:07:18,326 [INFO] [httpx] HTTP Request: POST http://test/timeseries/ "HTTP/1.1 201 Created"
2026-03-02 22:07:18,396 [INFO] [httpx] HTTP Request: POST http://test/timeseries/ "HTTP/1.1 201 Created"
2026-03-02 22:07:18,428 [INFO] [httpx] HTTP Request: POST http://test/timeseries/ "HTTP/1.1 422 Unprocessable Entity"
2026-03-02 22:07:18,468 [INFO] [httpx] HTTP Request: POST http://test/timeseries/ "HTTP/1.1 201 Created"
2026-03-02 22:07:18,483 [INFO] [httpx] HTTP Request: POST http://test/timeseries/ "HTTP/1.1 201 Created"
2026-03-02 22:07:18,537 [INFO] [httpx] HTTP Request: POST http://test/timeseries/ "HTTP/1.1 201 Created"
2026-03-02 22:07:18,549 [INFO] [httpx] HTTP Request: GET http://test/timeseries/5 "HTTP/1.1 200 OK"
2026-03-02 22:07:18,598 [INFO] [httpx] HTTP Request: GET http://test/timeseries/99999 "HTTP/1.1 404 Not Found"
